"annotation_id,""annotator"",""comment"",""created_at"",""id"",""lead_time"",""sentiment"",""updated_at"",""video_id"",""video_title"""
"407,""1"",""bersandar teras rumah sembari ngopi bermain permainan nyelot jptogel77 nikmat sekaleh"",""2025-03-19T07:40:16.365480Z"",401,11.272,""Online Gambling Promotion"",""2025-03-19T07:40:16.365480Z"",""ZshDHBFmkqU"",""Jangan salah pilih kotakðŸ˜…"""
"408,""1"",""udah kali gue main jptogel77 wd meluncur aman bonus slalu"",""2025-03-19T07:40:17.885200Z"",402,1.046,""Online Gambling Promotion"",""2025-03-19T07:40:17.885200Z"",""ZshDHBFmkqU"",""Jangan salah pilih kotakðŸ˜…"""
"409,""1"",""gw aja main jptogel77 x100 kuy mabar biar cuan bang sore mantappp rekomend banget pokok nya situs broo"",""2025-03-19T07:40:19.309535Z"",403,0.869,""Online Gambling Promotion"",""2025-03-19T07:40:19.309535Z"",""ZshDHBFmkqU"",""Jangan salah pilih kotakðŸ˜…"""
"410,""1"",""mantap gua cobain gampang dapatin sketernya Udh gitu dapatin sketer isinya tau nama nya nih coba cari google JPTOGEL77 dijiamin nagih"",""2025-03-19T07:40:21.986181Z"",404,2.206,""Online Gambling Promotion"",""2025-03-19T07:40:21.986181Z"",""ZshDHBFmkqU"",""Jangan salah pilih kotakðŸ˜…"""
"411,""1"",""lama2 bangkrut ni bossnya jptogel77 profit trus main kemaren wkkwkw"",""2025-03-19T07:40:24.672673Z"",405,2.154,""Online Gambling Promotion"",""2025-03-19T07:40:24.672673Z"",""ZshDHBFmkqU"",""Jangan salah pilih kotakðŸ˜…"""
"412,""1"",""mantap bro jp JPTOGEL77 aja udah makasih udah kasih kemenangan"",""2025-03-19T07:40:26.652972Z"",406,1.444,""Online Gambling Promotion"",""2025-03-19T07:40:26.652972Z"",""ZshDHBFmkqU"",""Jangan salah pilih kotakðŸ˜…"""
"413,""1"",""Modal receh hasil lumer mantap kali JPTOGEL77 sensasi maxwln berulang brooo kali nemu web seqacor chek langsung deh webbnya dp wd gesit prosesnya"",""2025-03-19T07:40:28.730765Z"",407,1.511,""Online Gambling Promotion"",""2025-03-19T07:40:28.730765Z"",""ZshDHBFmkqU"",""Jangan salah pilih kotakðŸ˜…"""
"414,""1"",""J P TO G E L 7 7 auto win"",""2025-03-19T07:40:30.178482Z"",408,0.966,""Online Gambling Promotion"",""2025-03-19T07:40:30.178482Z"",""ZshDHBFmkqU"",""Jangan salah pilih kotakðŸ˜…"""
"415,""1"",""gw aja main JPTOGEL77 x100 kuy mabar biar cuan bang sore mantappp rekomend banget pokok nya situs broo"",""2025-03-19T07:40:31.606921Z"",409,0.933,""Online Gambling Promotion"",""2025-03-19T07:40:31.606921Z"",""ZshDHBFmkqU"",""Jangan salah pilih kotakðŸ˜…"""
"416,""1"",""Modal receh hasil lumer mantap kali JPTOGEL77 sensasi maxwn berulang brooo kali nemu web seqacor chek langsung deh webbnya dp wd gesit prosesnya"",""2025-03-19T07:40:32.969139Z"",410,0.851,""Online Gambling Promotion"",""2025-03-19T07:40:32.969139Z"",""ZshDHBFmkqU"",""Jangan salah pilih kotakðŸ˜…"""
"417,""1"",""nih jam segini dikasih JPTOGEL77"",""2025-03-19T07:40:34.712240Z"",411,1.153,""Online Gambling Promotion"",""2025-03-19T07:40:34.712240Z"",""ZshDHBFmkqU"",""Jangan salah pilih kotakðŸ˜…"""
"418,""1"",""cobain aja bro main JPTOGEL77 gue coba main langsung dikasih profit"",""2025-03-19T07:40:36.015276Z"",412,0.749,""Online Gambling Promotion"",""2025-03-19T07:40:36.015276Z"",""ZshDHBFmkqU"",""Jangan salah pilih kotakðŸ˜…"""
"419,""1"",""mantap main udah dikasih menang aja JPTOGEL77 modal receh wd haha"",""2025-03-19T07:40:39.346952Z"",413,2.778,""Online Gambling Promotion"",""2025-03-19T07:40:39.346952Z"",""ZshDHBFmkqU"",""Jangan salah pilih kotakðŸ˜…"""
"420,""1"",""Kalo gak coba nggak Rezaki bis ja J P T O G E L 77"",""2025-03-19T07:40:41.060558Z"",414,1.198,""Online Gambling Promotion"",""2025-03-19T07:40:41.060558Z"",""ZshDHBFmkqU"",""Jangan salah pilih kotakðŸ˜…"""
"421,""1"",""TRENDING 1 GILAA MAMEEEN J P T O G E L 77"",""2025-03-19T07:40:42.621357Z"",415,1.073,""Online Gambling Promotion"",""2025-03-19T07:40:42.621357Z"",""ZshDHBFmkqU"",""Jangan salah pilih kotakðŸ˜…"""
"422,""1"",""rngkad sempet putus asa sih main dapet referensi anak komunitas main JPTOGEL77 behhh semangat gw membara banget coy ngasi u google aja J P TO G E L 7 7"",""2025-03-19T07:40:46.335142Z"",416,3.185,""Online Gambling Promotion"",""2025-03-19T07:40:46.335142Z"",""ZshDHBFmkqU"",""Jangan salah pilih kotakðŸ˜…"""
"423,""1"",""situs tu kyk J P TO G E L 7 7 kasi wede lancar ga apa2"",""2025-03-19T07:40:48.646174Z"",417,1.751,""Online Gambling Promotion"",""2025-03-19T07:40:48.646174Z"",""ZshDHBFmkqU"",""Jangan salah pilih kotakðŸ˜…"""
"424,""1"",""gw kasi kisi2 halus sikit main la JPTOGEL77 anak nih brani kasi wr tinggi2 wkwkwkwk gas biar kapok"",""2025-03-19T07:41:01.150018Z"",418,11.969,""Online Gambling Promotion"",""2025-03-19T07:41:01.150018Z"",""ZshDHBFmkqU"",""Jangan salah pilih kotakðŸ˜…"""
"425,""1"",""banget JPTOGEL77 cuan banget web nya gk depo gede2 depo receh kasih maxwin coba gan"",""2025-03-19T07:41:09.206009Z"",419,9.411,""Online Gambling Promotion"",""2025-03-19T07:41:13.063184Z"",""ZshDHBFmkqU"",""Jangan salah pilih kotakðŸ˜…"""
"426,""1"",""JPTOGEL77 gua maen bentar aja lngsg WEDEY gede"",""2025-03-19T07:41:18.457529Z"",420,1.099,""Online Gambling Promotion"",""2025-03-19T07:41:18.457529Z"",""ZshDHBFmkqU"",""Jangan salah pilih kotakðŸ˜…"""
"427,""1"",""Gw cok main kekgini trus gw keinjet berdarah cok"",""2025-03-19T07:41:23.243221Z"",421,4.25,""Not Online Gambling Promotion"",""2025-03-19T07:41:23.243221Z"",""ZshDHBFmkqU"",""Jangan salah pilih kotakðŸ˜…"""
"428,""1"",""main server emang mantep ga turun naek nih jptogel77"",""2025-03-19T07:41:28.015141Z"",422,4.227,""Online Gambling Promotion"",""2025-03-19T07:41:28.015141Z"",""ZshDHBFmkqU"",""Jangan salah pilih kotakðŸ˜…"""
"429,""1"",""hati nemu web J P TO G E L 7 7 berlega hati sehabis bermain kali selisih gw segini brayyy nangis saking senengnya"",""2025-03-19T07:41:33.254781Z"",423,4.742,""Online Gambling Promotion"",""2025-03-19T07:41:33.254781Z"",""ZshDHBFmkqU"",""Jangan salah pilih kotakðŸ˜…"""
"430,""1"",""setia bro main jptogel77 udah ratusan situs bandingin tetep enak jptogel77"",""2025-03-19T07:41:36.255260Z"",424,2.462,""Online Gambling Promotion"",""2025-03-19T07:41:36.255260Z"",""ZshDHBFmkqU"",""Jangan salah pilih kotakðŸ˜…"""
"431,""1"",""Mandalika tujuhtujuh bro gw main gak pakai janji palsu bro cuman gw menang"",""2025-03-19T07:41:38.768732Z"",425,1.966,""Online Gambling Promotion"",""2025-03-19T07:41:38.768732Z"",""ZshDHBFmkqU"",""Jangan salah pilih kotakðŸ˜…"""
"432,""1"",""seru bang JPTOGEL77 Alhamdulillah pensaran ku terjawabkan mampir disni JPTOGEL77 jamin H0k1"",""2025-03-19T07:41:40.380381Z"",426,1.042,""Online Gambling Promotion"",""2025-03-19T07:41:40.380381Z"",""ZshDHBFmkqU"",""Jangan salah pilih kotakðŸ˜…"""
"433,""1"",""tetangga gw sore main JPTOGEL77"",""2025-03-19T07:41:41.788035Z"",427,0.852,""Online Gambling Promotion"",""2025-03-19T07:41:41.788035Z"",""ZshDHBFmkqU"",""Jangan salah pilih kotakðŸ˜…"""
"434,""1"",""main ni ya wee kasi tau main JPTOGEL77 depsoit gampang wede cepat kuyyy daftar wee jamin gacor"",""2025-03-19T07:41:47.283523Z"",428,4.981,""Online Gambling Promotion"",""2025-03-19T07:41:47.283523Z"",""ZshDHBFmkqU"",""Jangan salah pilih kotakðŸ˜…"""
"435,""1"",""main disitus sebelah asik kalah depo semenjak kenal JPtogel77 lunas utang gw bre paten JPtogel77"",""2025-03-19T07:41:49.370899Z"",429,1.587,""Online Gambling Promotion"",""2025-03-19T07:41:49.370899Z"",""ZshDHBFmkqU"",""Jangan salah pilih kotakðŸ˜…"""
"436,""1"",""makasih admin sahabat sahabat udah membujuk bermain jptogel77 gacor akut"",""2025-03-19T07:41:51.953191Z"",430,2.008,""Online Gambling Promotion"",""2025-03-19T07:41:51.953191Z"",""ZshDHBFmkqU"",""Jangan salah pilih kotakðŸ˜…"""
"437,""1"",""kek jptogel77 gini situs mantap member wajib menang"",""2025-03-19T07:41:53.349622Z"",431,0.849,""Online Gambling Promotion"",""2025-03-19T07:41:53.349622Z"",""ZshDHBFmkqU"",""Jangan salah pilih kotakðŸ˜…"""
"438,""1"",""Tpi Jujur Gua main jptogel77 sih emg gg lgsg wede"",""2025-03-19T07:41:54.710747Z"",432,0.799,""Online Gambling Promotion"",""2025-03-19T07:41:54.710747Z"",""ZshDHBFmkqU"",""Jangan salah pilih kotakðŸ˜…"""
"439,""1"",""Kakak wedein sketer s1tusnya JPTOGEL77 max mantapnya id tuh JPTOGEL77 sepele sketer brader"",""2025-03-19T07:41:56.213596Z"",433,1.005,""Online Gambling Promotion"",""2025-03-19T07:41:56.213596Z"",""ZshDHBFmkqU"",""Jangan salah pilih kotakðŸ˜…"""
"440,""1"",""tengkiu bosku kasi teman2 setongkrongan traktiran makan minum enak semoga jaya jptogel77"",""2025-03-19T07:41:58.221468Z"",434,1.534,""Online Gambling Promotion"",""2025-03-19T07:41:58.221468Z"",""ZshDHBFmkqU"",""Jangan salah pilih kotakðŸ˜…"""
"441,""1"",""Setiap kali menang JPTOGEL77"",""2025-03-19T07:41:59.530947Z"",435,0.773,""Online Gambling Promotion"",""2025-03-19T07:41:59.530947Z"",""ZshDHBFmkqU"",""Jangan salah pilih kotakðŸ˜…"""
"442,""1"",""maacihhh abang bos gw ngerasain namanya wede cuannn gedek terbaik bermain web JPTOGEL77"",""2025-03-19T07:42:01.871406Z"",436,1.789,""Online Gambling Promotion"",""2025-03-19T07:42:01.871406Z"",""ZshDHBFmkqU"",""Jangan salah pilih kotakðŸ˜…"""
"443,""1"",""bnyk yg puas jptogel77 emg bnrn gacor ya slotnya ya"",""2025-03-19T07:42:03.488921Z"",437,1.048,""Online Gambling Promotion"",""2025-03-19T07:42:03.488921Z"",""ZshDHBFmkqU"",""Jangan salah pilih kotakðŸ˜…"""
"444,""1"",""gimana carahnya daptar JptogeI77 kak"",""2025-03-19T07:43:08.982618Z"",438,65.002,""Online Gambling Promotion"",""2025-03-19T07:43:08.982618Z"",""ZshDHBFmkqU"",""Jangan salah pilih kotakðŸ˜…"""
"445,""1"",""Riwayat kalah ku situs sebelah cuman situs JPTOGEL77 penyelamat keuangan ku"",""2025-03-19T07:43:13.315925Z"",439,3.82,""Online Gambling Promotion"",""2025-03-19T07:43:13.315925Z"",""ZshDHBFmkqU"",""Jangan salah pilih kotakðŸ˜…"""
"446,""1"",""selamet alam memprihatinkan wkwk dorongan bermain JPTOGEL77 udah keuntungan game clam enventya astaga mantap memanglah lagak website nya bosskuu"",""2025-03-19T07:43:16.731522Z"",440,2.828,""Online Gambling Promotion"",""2025-03-19T07:43:16.731522Z"",""ZshDHBFmkqU"",""Jangan salah pilih kotakðŸ˜…"""
"447,""1"",""nikmat main JPTOGEL77 starlight princes ny menaburkan pesona tuh member era rungkad deh cuan harinya"",""2025-03-19T07:43:18.245343Z"",441,0.975,""Online Gambling Promotion"",""2025-03-19T07:43:18.245343Z"",""ZshDHBFmkqU"",""Jangan salah pilih kotakðŸ˜…"""
"448,""1"",""nyesel bener maen jptogel77 depo receh wd berkali2 kalo dr ud kebeli tuh vespa matic wekekek HAHAHHAHA"",""2025-03-19T07:43:36.700374Z"",442,17.842,""Online Gambling Promotion"",""2025-03-19T07:43:36.700374Z"",""ZshDHBFmkqU"",""Jangan salah pilih kotakðŸ˜…"""
"449,""1"",""adduuh settingan"",""2025-03-19T07:43:39.426303Z"",443,2.186,""Not Online Gambling Promotion"",""2025-03-19T07:43:39.426303Z"",""ZshDHBFmkqU"",""Jangan salah pilih kotakðŸ˜…"""
"450,""1"",""Luar orang baikberkah semoga rejekix berlipat gandadan slalu kesehatan JPTOGEL77 emang top"",""2025-03-19T07:43:41.928965Z"",444,1.956,""Online Gambling Promotion"",""2025-03-19T07:43:41.928965Z"",""ZshDHBFmkqU"",""Jangan salah pilih kotakðŸ˜…"""
"451,""1"",""PG Soft JPTOGEL77 bikin berasa kayak bos cuman situs gw dpt scatter hitam asli bro"",""2025-03-19T07:43:43.630745Z"",445,1.136,""Online Gambling Promotion"",""2025-03-19T07:43:43.630745Z"",""ZshDHBFmkqU"",""Jangan salah pilih kotakðŸ˜…"""
"452,""1"",""Ganas slt JPTOGEL77 modal narik sejuta om"",""2025-03-19T07:43:45.452117Z"",446,1.236,""Online Gambling Promotion"",""2025-03-19T07:43:45.452117Z"",""ZshDHBFmkqU"",""Jangan salah pilih kotakðŸ˜…"""
"453,""1"",""Wah seru banget Gue gabung JPTOGEL77 langsung gas lingnya Main enak banget cuan"",""2025-03-19T07:43:46.975633Z"",447,0.967,""Online Gambling Promotion"",""2025-03-19T07:43:46.975633Z"",""ZshDHBFmkqU"",""Jangan salah pilih kotakðŸ˜…"""
"454,""1"",""mantap bro JP tipis JPTOGEL77 ngakat aja udah lumayan makasih JPTOGEL77 udah kasih menang"",""2025-03-19T07:43:48.326485Z"",448,0.774,""Online Gambling Promotion"",""2025-03-19T07:43:48.326485Z"",""ZshDHBFmkqU"",""Jangan salah pilih kotakðŸ˜…"""
"455,""1"",""aduh cowonya kena lego"",""2025-03-19T07:43:51.403847Z"",449,2.52,""Not Online Gambling Promotion"",""2025-03-19T07:43:51.403847Z"",""ZshDHBFmkqU"",""Jangan salah pilih kotakðŸ˜…"""
"456,""1"",""udah ciuuaan deh main JPTOGEL77 ga pindah situs lagikarena situs uadah kksih menang beneran udah nyaman bangetttttttt"",""2025-03-19T07:43:54.431845Z"",450,2.456,""Online Gambling Promotion"",""2025-03-19T07:43:54.431845Z"",""ZshDHBFmkqU"",""Jangan salah pilih kotakðŸ˜…"""
"457,""1"",""Sukses terimakasih wd besarnya JPTOGEL77"",""2025-03-19T07:43:55.848777Z"",451,0.938,""Online Gambling Promotion"",""2025-03-19T07:43:55.848777Z"",""ZshDHBFmkqU"",""Jangan salah pilih kotakðŸ˜…"""
"458,""1"",""udah kali gue main JPTOGEL77 wd meluncur aman bonus slalu"",""2025-03-19T07:43:57.192202Z"",452,0.841,""Online Gambling Promotion"",""2025-03-19T07:43:57.192202Z"",""ZshDHBFmkqU"",""Jangan salah pilih kotakðŸ˜…"""
"459,""1"",""keren banget jptogel77 kerungkatan bro rasio kemenangannya banget gokil"",""2025-03-19T07:43:58.497770Z"",453,0.765,""Online Gambling Promotion"",""2025-03-19T07:43:58.497770Z"",""ZshDHBFmkqU"",""Jangan salah pilih kotakðŸ˜…"""
"460,""1"",""kiraen admin beneran enak jptogel77 asu"",""2025-03-19T07:44:00.296198Z"",454,1.265,""Online Gambling Promotion"",""2025-03-19T07:44:00.296198Z"",""ZshDHBFmkqU"",""Jangan salah pilih kotakðŸ˜…"""
"461,""1"",""makasihh bangeett temeenkuu udah kasih rekomend web JPtogel77 ga rungkad web sebela"",""2025-03-19T07:44:02.270584Z"",455,1.476,""Online Gambling Promotion"",""2025-03-19T07:44:02.270584Z"",""ZshDHBFmkqU"",""Jangan salah pilih kotakðŸ˜…"""
"462,""1"",""Saran gua si bang player coba JPtogel77 temen gua maxwin main cari aja google JPtogel77"",""2025-03-19T07:44:03.817367Z"",456,1.025,""Online Gambling Promotion"",""2025-03-19T07:44:03.817367Z"",""ZshDHBFmkqU"",""Jangan salah pilih kotakðŸ˜…"""
"463,""1"",""makasih Jptogel77 seumur umur kali lihat perkalian merah wd 3 juta modal 60k"",""2025-03-19T07:44:06.055700Z"",457,1.679,""Online Gambling Promotion"",""2025-03-19T07:44:06.055700Z"",""ZshDHBFmkqU"",""Jangan salah pilih kotakðŸ˜…"""
"464,""1"",""main JPTOGEL77 coba berkali kali main situs JPTOGEL77 terbukti W3De3 akun ku deh ga nyedot situsnya"",""2025-03-19T07:44:07.246775Z"",458,0.712,""Online Gambling Promotion"",""2025-03-19T07:44:07.246775Z"",""ZshDHBFmkqU"",""Jangan salah pilih kotakðŸ˜…"""
"465,""1"",""Muadah mudahan bermanfaat coba JPTOGEL77 real asik mainnya"",""2025-03-19T07:44:08.578306Z"",459,0.769,""Online Gambling Promotion"",""2025-03-19T07:44:08.578306Z"",""ZshDHBFmkqU"",""Jangan salah pilih kotakðŸ˜…"""
"466,""1"",""jptogel77 terbaik dah"",""2025-03-19T07:44:09.766441Z"",460,0.713,""Online Gambling Promotion"",""2025-03-19T07:44:09.766441Z"",""ZshDHBFmkqU"",""Jangan salah pilih kotakðŸ˜…"""
"467,""1"",""makasih admin sahabat sahabat udah membujuk bermain jptogel77 gacor akut"",""2025-03-19T07:44:11.291009Z"",461,0.973,""Online Gambling Promotion"",""2025-03-19T07:44:11.291009Z"",""ZshDHBFmkqU"",""Jangan salah pilih kotakðŸ˜…"""
"468,""1"",""suka bertemu ni link JPTOGEL77 nya udah web coba web ngasih terimakasih"",""2025-03-19T07:44:12.593339Z"",462,0.746,""Online Gambling Promotion"",""2025-03-19T07:44:12.593339Z"",""ZshDHBFmkqU"",""Jangan salah pilih kotakðŸ˜…"""
"469,""1"",""main ni ya wee kasi tau main JPTOGEL77 depsoit gampang wede cepat kuyyy daftar wee jamin gacor"",""2025-03-19T07:44:14.082198Z"",463,0.919,""Online Gambling Promotion"",""2025-03-19T07:44:14.082198Z"",""ZshDHBFmkqU"",""Jangan salah pilih kotakðŸ˜…"""
"470,""1"",""like doain menang main jptogel77"",""2025-03-19T07:44:15.590427Z"",464,0.961,""Online Gambling Promotion"",""2025-03-19T07:44:15.590427Z"",""ZshDHBFmkqU"",""Jangan salah pilih kotakðŸ˜…"""
"471,""1"",""mantap bget ni bree ni situs bagi2 uang JPTOGEL77 rezeki butuh wkwk"",""2025-03-19T07:44:17.032477Z"",465,0.917,""Online Gambling Promotion"",""2025-03-19T07:44:17.032477Z"",""ZshDHBFmkqU"",""Jangan salah pilih kotakðŸ˜…"""
"472,""1"",""best jptogel77 beneran gampang menang sl0t nya"",""2025-03-19T07:44:18.245476Z"",466,0.733,""Online Gambling Promotion"",""2025-03-19T07:44:18.245476Z"",""ZshDHBFmkqU"",""Jangan salah pilih kotakðŸ˜…"""
"473,""1"",""tengkiu bosku kasi teman2 setongkrongan traktiran makan minum enak semoga jaya jptogel77"",""2025-03-19T07:44:20.526523Z"",467,1.608,""Online Gambling Promotion"",""2025-03-19T07:44:20.526523Z"",""ZshDHBFmkqU"",""Jangan salah pilih kotakðŸ˜…"""
"474,""1"",""Kalo nyari gacor JPTOGEL77 jawabannya bree karna gw main disana ksh menang breee cari aja google JPTOGEL77"",""2025-03-19T07:44:21.969504Z"",468,0.946,""Online Gambling Promotion"",""2025-03-19T07:44:21.969504Z"",""ZshDHBFmkqU"",""Jangan salah pilih kotakðŸ˜…"""
"475,""1"",""Saran coba JPTOGEL77 bg link nya gak pelit tu mmber uda psti dikasih JP tmn gw jga mawin disitu"",""2025-03-19T07:44:23.261198Z"",469,0.728,""Online Gambling Promotion"",""2025-03-19T07:44:23.261198Z"",""ZshDHBFmkqU"",""Jangan salah pilih kotakðŸ˜…"""
"476,""1"",""nice link bagus jptogel77"",""2025-03-19T07:44:25.391083Z"",470,1.586,""Online Gambling Promotion"",""2025-03-19T07:44:25.391083Z"",""ZshDHBFmkqU"",""Jangan salah pilih kotakðŸ˜…"""
"477,""1"",""ga bikin kecewa kalo main JPTOGEL77 game nya bagusmpuatarannya bonuss mantap betull la"",""2025-03-19T07:44:27.056824Z"",471,1.092,""Online Gambling Promotion"",""2025-03-19T07:44:27.056824Z"",""ZshDHBFmkqU"",""Jangan salah pilih kotakðŸ˜…"""
"478,""1"",""situs JPTOGEL77 bro gak makan orang mala kasih uang main disni makasi la uda recomen"",""2025-03-19T07:44:29.095422Z"",472,1.487,""Online Gambling Promotion"",""2025-03-19T07:44:29.095422Z"",""ZshDHBFmkqU"",""Jangan salah pilih kotakðŸ˜…"""
"479,""1"",""iseng iseng ajak doi main jptogel77 kaget ngeliat petirnya kek wkwk"",""2025-03-19T07:44:30.638776Z"",473,1.013,""Online Gambling Promotion"",""2025-03-19T07:44:30.638776Z"",""ZshDHBFmkqU"",""Jangan salah pilih kotakðŸ˜…"""
"480,""1"",""Setingan unsub"",""2025-03-19T07:44:34.474319Z"",474,3.28,""Not Online Gambling Promotion"",""2025-03-19T07:44:34.474319Z"",""ZshDHBFmkqU"",""Jangan salah pilih kotakðŸ˜…"""
"481,""1"",""khawatir Hal orang pikirkan pikirkan Hal dirimu JPTOGEL77 gk percaya sih cocok buktiin memanglah website gacornya"",""2025-03-19T07:44:36.186648Z"",475,1.221,""Online Gambling Promotion"",""2025-03-19T07:44:36.186648Z"",""ZshDHBFmkqU"",""Jangan salah pilih kotakðŸ˜…"""
"482,""1"",""nyari2 link mantul kali ni gw setuju JPTOGEL77 gacor"",""2025-03-19T07:44:37.531075Z"",476,0.807,""Online Gambling Promotion"",""2025-03-19T07:44:37.531075Z"",""ZshDHBFmkqU"",""Jangan salah pilih kotakðŸ˜…"""
"483,""1"",""gokilll mantul kali jptogel77 makasih info gacorny kakak"",""2025-03-19T07:44:38.795790Z"",477,0.734,""Online Gambling Promotion"",""2025-03-19T07:44:38.795790Z"",""ZshDHBFmkqU"",""Jangan salah pilih kotakðŸ˜…"""
"484,""1"",""pantes kwn nyaman main jptogel77"",""2025-03-19T07:44:40.093909Z"",478,0.736,""Online Gambling Promotion"",""2025-03-19T07:44:40.093909Z"",""ZshDHBFmkqU"",""Jangan salah pilih kotakðŸ˜…"""
"485,""1"",""Cara daftarx JPTOGEL77 gmn bos"",""2025-03-19T07:44:42.087473Z"",479,1.428,""Online Gambling Promotion"",""2025-03-19T07:44:42.087473Z"",""ZshDHBFmkqU"",""Jangan salah pilih kotakðŸ˜…"""
"486,""1"",""JPTOGEL77 bnrn gacor bre"",""2025-03-19T07:44:43.774310Z"",480,1.151,""Online Gambling Promotion"",""2025-03-19T07:44:43.774310Z"",""ZshDHBFmkqU"",""Jangan salah pilih kotakðŸ˜…"""
"487,""1"",""jptogel77 terbaik dah"",""2025-03-19T07:44:45.561218Z"",481,1.257,""Online Gambling Promotion"",""2025-03-19T07:44:45.561218Z"",""ZshDHBFmkqU"",""Jangan salah pilih kotakðŸ˜…"""
"488,""1"",""sy main JPtogel77 doang mas ga pindah2 ya kadang loss ya ga sampe beli fortuner karaoke sih lc gw minimal 2 bos hahaha"",""2025-03-19T07:44:47.138488Z"",482,1.057,""Online Gambling Promotion"",""2025-03-19T07:44:47.138488Z"",""ZshDHBFmkqU"",""Jangan salah pilih kotakðŸ˜…"""
"489,""1"",""khawatir Hal orang pikirkan pikirkan Hal dirimu JPTOGEL77 gk percaya sih cocok buktiin memanglah website gacornya"",""2025-03-19T07:44:49.224193Z"",483,1.543,""Online Gambling Promotion"",""2025-03-19T07:44:49.224193Z"",""ZshDHBFmkqU"",""Jangan salah pilih kotakðŸ˜…"""
"806,""1"",""Gila ya Jptogel77 dimana ashu terpercaya kagak nih"",""2025-03-20T02:24:49.504197Z"",484,2.391,""Online Gambling Promotion"",""2025-03-20T02:24:49.504197Z"",""ZshDHBFmkqU"",""Jangan salah pilih kotakðŸ˜…"""
"490,""1"",""jptogel77 pelunas utang gw cok WKWKWKWK"",""2025-03-19T07:45:29.479206Z"",485,3.568,""Online Gambling Promotion"",""2025-03-19T07:45:29.479206Z"",""ZshDHBFmkqU"",""Jangan salah pilih kotakðŸ˜…"""
"491,""1"",""makasih jptogel77 udah ngebuat kemenangan perihal lazim gue"",""2025-03-19T07:45:31.312828Z"",486,1.309,""Online Gambling Promotion"",""2025-03-19T07:45:31.312828Z"",""ZshDHBFmkqU"",""Jangan salah pilih kotakðŸ˜…"""
"492,""1"",""suka bertemu ni link JPTOGEL77 nya udah web coba web ngasih terimakasih"",""2025-03-19T07:45:33.216078Z"",487,1.361,""Online Gambling Promotion"",""2025-03-19T07:45:33.216078Z"",""ZshDHBFmkqU"",""Jangan salah pilih kotakðŸ˜…"""
"493,""1"",""Mas suka JP bagusan cobain JPTOGEL77 gua narikk maunya gua rejeki kebagi play JPTOGEL77"",""2025-03-19T07:45:34.825860Z"",488,1.068,""Online Gambling Promotion"",""2025-03-19T07:45:34.825860Z"",""ZshDHBFmkqU"",""Jangan salah pilih kotakðŸ˜…"""
"494,""1"",""kalo Jptogel77 yg kasih duit"",""2025-03-19T07:45:40.135111Z"",489,4.817,""Online Gambling Promotion"",""2025-03-19T07:45:40.135111Z"",""ZshDHBFmkqU"",""Jangan salah pilih kotakðŸ˜…"""
"495,""1"",""enak banget maxwin nya ngap Cuman situs JPTOGEL77 gw ngerasain indah nya maxwin"",""2025-03-19T07:45:43.666850Z"",490,2.961,""Online Gambling Promotion"",""2025-03-19T07:45:43.666850Z"",""ZshDHBFmkqU"",""Jangan salah pilih kotakðŸ˜…"""
"496,""1"",""sore sore gini nyantai main JPTOGEL77 dikasih maxwin hahaa Mudah maxwin"",""2025-03-19T07:45:45.573113Z"",491,1.363,""Online Gambling Promotion"",""2025-03-19T07:45:45.573113Z"",""ZshDHBFmkqU"",""Jangan salah pilih kotakðŸ˜…"""
"497,""1"",""Yang sabar ya kak wili salim"",""2025-03-19T07:45:59.313436Z"",492,6.407,""Not Online Gambling Promotion"",""2025-03-19T07:45:59.313436Z"",""26BvH8U7PHA"",""Sedih banget.. ðŸ˜­ï¿¼"""
"498,""1"",""Tema Bangkok ku suka nonton anime Barbie"",""2025-03-19T07:46:05.466587Z"",493,5.587,""Not Online Gambling Promotion"",""2025-03-19T07:46:05.466587Z"",""26BvH8U7PHA"",""Sedih banget.. ðŸ˜­ï¿¼"""
"499,""1"",""aja percayanya cantik temanmu"",""2025-03-19T07:46:08.625402Z"",494,2.611,""Not Online Gambling Promotion"",""2025-03-19T07:46:08.625402Z"",""26BvH8U7PHA"",""Sedih banget.. ðŸ˜­ï¿¼"""
"500,""1"",""Wili Salim sabar ya semoga tiktok Abang mudamudahan dibuka langi yg dukong lak"",""2025-03-19T07:46:11.211622Z"",495,2.052,""Not Online Gambling Promotion"",""2025-03-19T07:46:11.211622Z"",""26BvH8U7PHA"",""Sedih banget.. ðŸ˜­ï¿¼"""
"501,""1"",""Semangat"",""2025-03-19T07:46:12.957853Z"",496,1.183,""Not Online Gambling Promotion"",""2025-03-19T07:46:12.957853Z"",""26BvH8U7PHA"",""Sedih banget.. ðŸ˜­ï¿¼"""
"502,""1"",""Wili bohong"",""2025-03-19T07:46:14.741986Z"",497,1.296,""Not Online Gambling Promotion"",""2025-03-19T07:46:14.741986Z"",""26BvH8U7PHA"",""Sedih banget.. ðŸ˜­ï¿¼"""
"503,""1"",""kak wili salim sedih percaya"",""2025-03-19T07:46:27.428965Z"",498,7.515,""Not Online Gambling Promotion"",""2025-03-19T07:46:27.428965Z"",""26BvH8U7PHA"",""Sedih banget.. ðŸ˜­ï¿¼"""
"504,""1"",""salah"",""2025-03-19T07:46:30.654368Z"",499,2.682,""Not Online Gambling Promotion"",""2025-03-19T07:46:30.654368Z"",""26BvH8U7PHA"",""Sedih banget.. ðŸ˜­ï¿¼"""
"505,""1"",""Bodoh"",""2025-03-19T07:46:32.560133Z"",500,1.358,""Not Online Gambling Promotion"",""2025-03-19T07:46:32.560133Z"",""26BvH8U7PHA"",""Sedih banget.. ðŸ˜­ï¿¼"""
"506,""1"",""Yang sabar kak wili kasi"",""2025-03-19T07:46:36.896493Z"",501,3.785,""Not Online Gambling Promotion"",""2025-03-19T07:46:36.896493Z"",""26BvH8U7PHA"",""Sedih banget.. ðŸ˜­ï¿¼"""
"507,""1"",""Bang wilmei Tipu"",""2025-03-19T07:46:40.743375Z"",502,3.288,""Not Online Gambling Promotion"",""2025-03-19T07:46:40.743375Z"",""26BvH8U7PHA"",""Sedih banget.. ðŸ˜­ï¿¼"""
"508,""1"",""Aku blokir Vidio kemerekakenapa sih kena sialll Mulu sebenernya capek diblokir diblokir tu gk ketik sebenernya tu capek hidup penggen pengengen nangis digituin kemereka jahat kakak ngetik lega kakak like subrek semoga kakak sehat ya aminn terima kasih liat ceritaku GK like gapapa dah tobat"",""2025-03-19T07:47:50.354694Z"",503,69.079,""Not Online Gambling Promotion"",""2025-03-19T07:47:50.354694Z"",""26BvH8U7PHA"",""Sedih banget.. ðŸ˜­ï¿¼"""
"509,""1"",""Kawili perca"",""2025-03-19T07:47:54.617865Z"",504,3.749,""Not Online Gambling Promotion"",""2025-03-19T07:47:54.617865Z"",""26BvH8U7PHA"",""Sedih banget.. ðŸ˜­ï¿¼"""
"510,""1"",""kasihanbloh nahan nangis ituloh gapapa kak wili semangat semoga rezeki nya berlimpah amin"",""2025-03-19T07:48:00.106524Z"",505,4.961,""Not Online Gambling Promotion"",""2025-03-19T07:48:00.106524Z"",""26BvH8U7PHA"",""Sedih banget.. ðŸ˜­ï¿¼"""
"511,""1"",""dasar"",""2025-03-19T07:48:02.137729Z"",506,1.472,""Not Online Gambling Promotion"",""2025-03-19T07:48:02.137729Z"",""26BvH8U7PHA"",""Sedih banget.. ðŸ˜­ï¿¼"""
"512,""1"",""KA Wili jaga sedih"",""2025-03-19T07:48:09.263014Z"",507,6.586,""Not Online Gambling Promotion"",""2025-03-19T07:48:09.263014Z"",""26BvH8U7PHA"",""Sedih banget.. ðŸ˜­ï¿¼"""
"513,""1"",""Tiktok maunya perempuan 2 yg sebeng joget2"",""2025-03-19T07:48:15.461154Z"",508,5.654,""Not Online Gambling Promotion"",""2025-03-19T07:48:15.461154Z"",""26BvH8U7PHA"",""Sedih banget.. ðŸ˜­ï¿¼"""
"514,""1"",""Semangat kak willy kontennya semoga sehat"",""2025-03-19T07:48:18.228792Z"",509,2.226,""Not Online Gambling Promotion"",""2025-03-19T07:48:18.228792Z"",""26BvH8U7PHA"",""Sedih banget.. ðŸ˜­ï¿¼"""
"515,""1"",""tik koyok babi"",""2025-03-19T07:48:26.849922Z"",510,8.077,""Not Online Gambling Promotion"",""2025-03-19T07:48:26.849922Z"",""26BvH8U7PHA"",""Sedih banget.. ðŸ˜­ï¿¼"""
"516,""1"",""Kak Willie semangat gapapa kak sedih semangat"",""2025-03-19T07:48:30.489935Z"",511,3.077,""Not Online Gambling Promotion"",""2025-03-19T07:48:30.489935Z"",""26BvH8U7PHA"",""Sedih banget.. ðŸ˜­ï¿¼"""
"517,""1"",""semagat kak wili salim semoga gak blokir"",""2025-03-19T07:48:32.619412Z"",512,1.583,""Not Online Gambling Promotion"",""2025-03-19T07:48:32.619412Z"",""26BvH8U7PHA"",""Sedih banget.. ðŸ˜­ï¿¼"""
"518,""1"",""aalke"",""2025-03-19T07:48:34.956546Z"",513,1.78,""Not Online Gambling Promotion"",""2025-03-19T07:48:34.956546Z"",""26BvH8U7PHA"",""Sedih banget.. ðŸ˜­ï¿¼"""
"519,""1"",""Makanya suka bohong teman teman udh hp 15 jt bagiin udh follow SUBCRIBE anggap pembohong ish ish ish blokir"",""2025-03-19T07:48:41.224657Z"",514,5.796,""Not Online Gambling Promotion"",""2025-03-19T07:48:41.224657Z"",""26BvH8U7PHA"",""Sedih banget.. ðŸ˜­ï¿¼"""
"520,""1"",""Kakak Willi kasian banget"",""2025-03-19T07:48:43.016239Z"",515,1.219,""Not Online Gambling Promotion"",""2025-03-19T07:48:43.016239Z"",""26BvH8U7PHA"",""Sedih banget.. ðŸ˜­ï¿¼"""
"521,""1"",""Davin"",""2025-03-19T07:48:44.948168Z"",516,1.397,""Not Online Gambling Promotion"",""2025-03-19T07:48:44.948168Z"",""26BvH8U7PHA"",""Sedih banget.. ðŸ˜­ï¿¼"""
"522,""1"",""Yangsabar yahka akumau subscribe tube"",""2025-03-19T07:48:59.467709Z"",517,13.969,""Not Online Gambling Promotion"",""2025-03-19T07:48:59.467709Z"",""26BvH8U7PHA"",""Sedih banget.. ðŸ˜­ï¿¼"""
"523,""1"",""Api"",""2025-03-19T07:49:01.288739Z"",518,1.272,""Not Online Gambling Promotion"",""2025-03-19T07:49:01.288739Z"",""26BvH8U7PHA"",""Sedih banget.. ðŸ˜­ï¿¼"""
"524,""1"",""Sabar"",""2025-03-19T07:49:02.807449Z"",519,1.05,""Not Online Gambling Promotion"",""2025-03-19T07:49:02.807449Z"",""26BvH8U7PHA"",""Sedih banget.. ðŸ˜­ï¿¼"""
"525,""1"",""Udah sedih KK percaya ko kk"",""2025-03-19T07:49:11.886309Z"",520,8.541,""Not Online Gambling Promotion"",""2025-03-19T07:49:11.886309Z"",""26BvH8U7PHA"",""Sedih banget.. ðŸ˜­ï¿¼"""
"526,""1"",""Yang sabar ya kak Willy diblokir"",""2025-03-19T07:49:14.917655Z"",521,2.544,""Not Online Gambling Promotion"",""2025-03-19T07:49:14.917655Z"",""26BvH8U7PHA"",""Sedih banget.. ðŸ˜­ï¿¼"""
"527,""1"",""kapok lu wil rasain dibelokir"",""2025-03-19T07:49:20.481456Z"",522,5.013,""Not Online Gambling Promotion"",""2025-03-19T07:49:20.481456Z"",""26BvH8U7PHA"",""Sedih banget.. ðŸ˜­ï¿¼"""
"528,""1"",""Semangat ya kawili Yang dukung kak wili pencet"",""2025-03-19T07:49:25.690971Z"",523,4.69,""Not Online Gambling Promotion"",""2025-03-19T07:49:25.690971Z"",""26BvH8U7PHA"",""Sedih banget.. ðŸ˜­ï¿¼"""
"529,""1"",""Tetap semangat ya KApasti balasan nya yg sabar ya ka"",""2025-03-19T07:49:32.381772Z"",524,6.144,""Not Online Gambling Promotion"",""2025-03-19T07:49:32.381772Z"",""26BvH8U7PHA"",""Sedih banget.. ðŸ˜­ï¿¼"""
"530,""1"",""Ko blokir"",""2025-03-19T07:49:34.104840Z"",525,1.14,""Not Online Gambling Promotion"",""2025-03-19T07:49:34.104840Z"",""26BvH8U7PHA"",""Sedih banget.. ðŸ˜­ï¿¼"""
"531,""1"",""Udah sabar aja TikTok mu yg duplicate kmu yg tumbalnya semngat aja hidup bikin yg"",""2025-03-19T07:49:48.590140Z"",526,13.932,""Not Online Gambling Promotion"",""2025-03-19T07:49:48.590140Z"",""26BvH8U7PHA"",""Sedih banget.. ðŸ˜­ï¿¼"""
"532,""1"",""Semangat"",""2025-03-19T07:49:50.887087Z"",527,1.666,""Not Online Gambling Promotion"",""2025-03-19T07:49:50.887087Z"",""26BvH8U7PHA"",""Sedih banget.. ðŸ˜­ï¿¼"""
"533,""1"",""Yang sabar ya ka wil"",""2025-03-19T07:49:54.445134Z"",528,2.082,""Not Online Gambling Promotion"",""2025-03-19T07:49:54.445134Z"",""26BvH8U7PHA"",""Sedih banget.. ðŸ˜­ï¿¼"""
"534,""1"",""Tiktoknya blokir"",""2025-03-19T07:49:56.261235Z"",529,1.3,""Not Online Gambling Promotion"",""2025-03-19T07:49:56.261235Z"",""26BvH8U7PHA"",""Sedih banget.. ðŸ˜­ï¿¼"""
"535,""1"",""Apaan sih aplikasi kecowak berat gua"",""2025-03-19T07:50:03.065684Z"",530,6.262,""Not Online Gambling Promotion"",""2025-03-19T07:50:03.065684Z"",""26BvH8U7PHA"",""Sedih banget.. ðŸ˜­ï¿¼"""
"536,""1"",""Ka sabar ya kak"",""2025-03-19T07:50:04.922624Z"",531,1.282,""Not Online Gambling Promotion"",""2025-03-19T07:50:04.922624Z"",""26BvH8U7PHA"",""Sedih banget.. ðŸ˜­ï¿¼"""
"537,""1"",""Bodo gua blokir gua gak suka lu"",""2025-03-19T07:50:08.219767Z"",532,2.736,""Not Online Gambling Promotion"",""2025-03-19T07:50:08.219767Z"",""26BvH8U7PHA"",""Sedih banget.. ðŸ˜­ï¿¼"""
"538,""1"",""Gpp sedih kak willi tiktok diblokir tiktokaku sedih tiktok diblokir semangat ka willi"",""2025-03-19T07:50:13.786502Z"",533,5.023,""Not Online Gambling Promotion"",""2025-03-19T07:50:13.786502Z"",""26BvH8U7PHA"",""Sedih banget.. ðŸ˜­ï¿¼"""
"539,""1"",""Yang sabar ya"",""2025-03-19T07:50:15.702568Z"",534,1.38,""Not Online Gambling Promotion"",""2025-03-19T07:50:15.702568Z"",""26BvH8U7PHA"",""Sedih banget.. ðŸ˜­ï¿¼"""
"540,""1"",""Hey tiktok renting willy lo kaya membantu orang aja tu beneran"",""2025-03-19T07:50:19.113585Z"",535,2.86,""Not Online Gambling Promotion"",""2025-03-19T07:50:19.113585Z"",""26BvH8U7PHA"",""Sedih banget.. ðŸ˜­ï¿¼"""
"541,""1"",""Wili kumaitu"",""2025-03-19T07:50:22.032243Z"",536,2.366,""Not Online Gambling Promotion"",""2025-03-19T07:50:22.032243Z"",""26BvH8U7PHA"",""Sedih banget.. ðŸ˜­ï¿¼"""
"542,""1"",""tiktok nya blokir"",""2025-03-19T07:50:23.922573Z"",537,1.337,""Not Online Gambling Promotion"",""2025-03-19T07:50:23.922573Z"",""26BvH8U7PHA"",""Sedih banget.. ðŸ˜­ï¿¼"""
"543,""1"",""Maksud ku udah like"",""2025-03-19T07:50:27.725451Z"",538,3.24,""Not Online Gambling Promotion"",""2025-03-19T07:50:27.725451Z"",""26BvH8U7PHA"",""Sedih banget.. ðŸ˜­ï¿¼"""
"544,""1"",""Lu boong gua hp"",""2025-03-19T07:50:31.995774Z"",539,3.731,""Not Online Gambling Promotion"",""2025-03-19T07:50:31.995774Z"",""26BvH8U7PHA"",""Sedih banget.. ðŸ˜­ï¿¼"""
"545,""1"",""Makannya teguran Allah"",""2025-03-19T07:50:43.539836Z"",540,10.985,""Not Online Gambling Promotion"",""2025-03-19T07:50:43.539836Z"",""26BvH8U7PHA"",""Sedih banget.. ðŸ˜­ï¿¼"""
"546,""1"",""Dont forget Allah Wiliii"",""2025-03-19T07:50:46.803106Z"",541,2.781,""Not Online Gambling Promotion"",""2025-03-19T07:50:46.803106Z"",""26BvH8U7PHA"",""Sedih banget.. ðŸ˜­ï¿¼"""
"547,""1"",""A kasihan A"",""2025-03-19T07:50:49.875594Z"",542,2.535,""Not Online Gambling Promotion"",""2025-03-19T07:50:49.875594Z"",""26BvH8U7PHA"",""Sedih banget.. ðŸ˜­ï¿¼"""
"548,""1"",""Wah kak Willi kasian banget gak bohong mantuin sabar ya semangat"",""2025-03-19T07:50:53.932958Z"",543,3.532,""Not Online Gambling Promotion"",""2025-03-19T07:50:53.932958Z"",""26BvH8U7PHA"",""Sedih banget.. ðŸ˜­ï¿¼"""
"549,""1"",""Emng bnyakan bohong nya"",""2025-03-19T07:50:56.322352Z"",544,1.834,""Not Online Gambling Promotion"",""2025-03-19T07:50:56.322352Z"",""26BvH8U7PHA"",""Sedih banget.. ðŸ˜­ï¿¼"""
"550,""1"",""hmmmmmm"",""2025-03-19T07:50:58.551064Z"",545,1.682,""Not Online Gambling Promotion"",""2025-03-19T07:50:58.551064Z"",""26BvH8U7PHA"",""Sedih banget.. ðŸ˜­ï¿¼"""
"551,""1"",""Kak Willy sabar ya"",""2025-03-19T07:51:00.439607Z"",546,1.321,""Not Online Gambling Promotion"",""2025-03-19T07:51:00.439607Z"",""26BvH8U7PHA"",""Sedih banget.. ðŸ˜­ï¿¼"""
"552,""1"",""KA wili sabar ya oh iya hp aypon harga 1000 oh iya alamatnya cimuncang kecamatan Cicantayan kabupaten Sukabumi doain rejekinya lancar"",""2025-03-19T07:51:06.924590Z"",547,5.942,""Not Online Gambling Promotion"",""2025-03-19T07:51:06.924590Z"",""26BvH8U7PHA"",""Sedih banget.. ðŸ˜­ï¿¼"""
"553,""1"",""Ksos"",""2025-03-19T07:51:09.233726Z"",548,1.781,""Not Online Gambling Promotion"",""2025-03-19T07:51:09.233726Z"",""26BvH8U7PHA"",""Sedih banget.. ðŸ˜­ï¿¼"""
"554,""1"",""Sabar Ya Bang Wili"",""2025-03-19T07:51:11.670481Z"",549,1.895,""Not Online Gambling Promotion"",""2025-03-19T07:51:11.670481Z"",""26BvH8U7PHA"",""Sedih banget.. ðŸ˜­ï¿¼"""
"555,""1"",""Aku belokir tiktok"",""2025-03-19T07:51:13.562408Z"",550,1.36,""Not Online Gambling Promotion"",""2025-03-19T07:51:13.562408Z"",""26BvH8U7PHA"",""Sedih banget.. ðŸ˜­ï¿¼"""
"556,""1"",""sabar"",""2025-03-19T07:51:15.416775Z"",551,1.092,""Not Online Gambling Promotion"",""2025-03-19T07:51:15.416775Z"",""26BvH8U7PHA"",""Sedih banget.. ðŸ˜­ï¿¼"""
"557,""1"",""Kita Bantai Tiktok Memblokir Secara Sembarang"",""2025-03-19T07:51:18.327979Z"",552,2.356,""Not Online Gambling Promotion"",""2025-03-19T07:51:18.327979Z"",""26BvH8U7PHA"",""Sedih banget.. ðŸ˜­ï¿¼"""
"558,""1"",""Sabar ya kak willli semangat"",""2025-03-19T07:51:19.941580Z"",553,1.128,""Not Online Gambling Promotion"",""2025-03-19T07:51:19.941580Z"",""26BvH8U7PHA"",""Sedih banget.. ðŸ˜­ï¿¼"""
"559,""1"",""kak sabarnya Aku sedih"",""2025-03-19T07:51:21.364250Z"",554,0.981,""Not Online Gambling Promotion"",""2025-03-19T07:51:21.364250Z"",""26BvH8U7PHA"",""Sedih banget.. ðŸ˜­ï¿¼"""
"560,""1"",""Yang sabar ya KK wil"",""2025-03-19T07:51:23.229926Z"",555,1.377,""Not Online Gambling Promotion"",""2025-03-19T07:51:23.229926Z"",""26BvH8U7PHA"",""Sedih banget.. ðŸ˜­ï¿¼"""
"561,""1"",""Wilisalim"",""2025-03-19T07:51:25.528264Z"",556,1.765,""Not Online Gambling Promotion"",""2025-03-19T07:51:25.528264Z"",""26BvH8U7PHA"",""Sedih banget.. ðŸ˜­ï¿¼"""
"562,""1"",""TIKTOK JAHAT"",""2025-03-19T07:51:28.215300Z"",557,2.147,""Not Online Gambling Promotion"",""2025-03-19T07:51:28.215300Z"",""26BvH8U7PHA"",""Sedih banget.. ðŸ˜­ï¿¼"""
"563,""1"",""Foto editan"",""2025-03-19T07:51:30.315417Z"",558,1.565,""Not Online Gambling Promotion"",""2025-03-19T07:51:30.315417Z"",""26BvH8U7PHA"",""Sedih banget.. ðŸ˜­ï¿¼"""
"564,""1"",""Kasih ya banget"",""2025-03-19T07:51:31.913511Z"",559,1.027,""Not Online Gambling Promotion"",""2025-03-19T07:51:31.913511Z"",""26BvH8U7PHA"",""Sedih banget.. ðŸ˜­ï¿¼"""
"565,""1"",""Kawili dukung abang"",""2025-03-19T07:51:34.449181Z"",560,1.964,""Not Online Gambling Promotion"",""2025-03-19T07:51:34.449181Z"",""26BvH8U7PHA"",""Sedih banget.. ðŸ˜­ï¿¼"""
"566,""1"",""Hasil kerjaan kakak gak sial sial"",""2025-03-19T07:51:36.810522Z"",561,1.843,""Not Online Gambling Promotion"",""2025-03-19T07:51:36.810522Z"",""26BvH8U7PHA"",""Sedih banget.. ðŸ˜­ï¿¼"""
"567,""1"",""Semangat ya bang dukung abang abang gak bohong butinya loh foto abang tunjukkin vidieo semangat ya bang orang dunia emang gugu sabar ya bang"",""2025-03-19T07:51:44.757784Z"",562,7.375,""Not Online Gambling Promotion"",""2025-03-19T07:51:44.757784Z"",""26BvH8U7PHA"",""Sedih banget.. ðŸ˜­ï¿¼"""
"568,""1"",""Aku Uta Kak kupecaka"",""2025-03-19T07:51:48.733913Z"",563,3.419,""Not Online Gambling Promotion"",""2025-03-19T07:51:48.733913Z"",""26BvH8U7PHA"",""Sedih banget.. ðŸ˜­ï¿¼"""
"569,""1"",""Saya HP buka Willy"",""2025-03-19T07:51:51.963970Z"",564,2.645,""Not Online Gambling Promotion"",""2025-03-19T07:51:51.963970Z"",""26BvH8U7PHA"",""Sedih banget.. ðŸ˜­ï¿¼"""
"570,""1"",""Tiktok APUS"",""2025-03-19T07:51:53.971564Z"",565,1.442,""Not Online Gambling Promotion"",""2025-03-19T07:51:53.971564Z"",""26BvH8U7PHA"",""Sedih banget.. ðŸ˜­ï¿¼"""
"571,""1"",""Kwli"",""2025-03-19T07:51:58.893564Z"",566,4.332,""Not Online Gambling Promotion"",""2025-03-19T07:51:58.893564Z"",""26BvH8U7PHA"",""Sedih banget.. ðŸ˜­ï¿¼"""
"572,""1"",""Kaka keristen"",""2025-03-19T07:52:07.283129Z"",567,7.916,""Not Online Gambling Promotion"",""2025-03-19T07:52:07.283129Z"",""26BvH8U7PHA"",""Sedih banget.. ðŸ˜­ï¿¼"""
"573,""1"",""Bg wil mintak gk ak lg pingin berangkatin umrah pingin mintak sepeda motor pcx nmx mintak mobil pajero plis bg wol ak udah folow plis bg will"",""2025-03-19T07:52:15.021046Z"",568,7.242,""Not Online Gambling Promotion"",""2025-03-19T07:52:15.021046Z"",""26BvH8U7PHA"",""Sedih banget.. ðŸ˜­ï¿¼"""
"574,""1"",""adam"",""2025-03-19T07:52:19.991370Z"",569,4.417,""Not Online Gambling Promotion"",""2025-03-19T07:52:19.991370Z"",""26BvH8U7PHA"",""Sedih banget.. ðŸ˜­ï¿¼"""
"575,""1"",""Kasihan banget kak willy"",""2025-03-19T07:52:23.766729Z"",570,3.214,""Not Online Gambling Promotion"",""2025-03-19T07:52:23.766729Z"",""26BvH8U7PHA"",""Sedih banget.. ðŸ˜­ï¿¼"""
"576,""1"",""Siyapa blokir siyapa kak"",""2025-03-19T07:52:25.978493Z"",571,1.717,""Not Online Gambling Promotion"",""2025-03-19T07:52:25.978493Z"",""26BvH8U7PHA"",""Sedih banget.. ðŸ˜­ï¿¼"""
"577,""1"",""Yah miskin gito"",""2025-03-19T07:52:28.344887Z"",572,1.802,""Not Online Gambling Promotion"",""2025-03-19T07:52:28.344887Z"",""26BvH8U7PHA"",""Sedih banget.. ðŸ˜­ï¿¼"""
"578,""1"",""Kak agama mu Islam kah"",""2025-03-19T07:52:37.051423Z"",573,8.159,""Not Online Gambling Promotion"",""2025-03-19T07:52:37.051423Z"",""26BvH8U7PHA"",""Sedih banget.. ðŸ˜­ï¿¼"""
"579,""1"",""Sabar bang"",""2025-03-19T07:52:39.518205Z"",574,1.957,""Not Online Gambling Promotion"",""2025-03-19T07:52:39.518205Z"",""26BvH8U7PHA"",""Sedih banget.. ðŸ˜­ï¿¼"""
"580,""1"",""Gkpp kak Willie live youtube"",""2025-03-19T07:52:41.630369Z"",575,1.632,""Not Online Gambling Promotion"",""2025-03-19T07:52:41.630369Z"",""26BvH8U7PHA"",""Sedih banget.. ðŸ˜­ï¿¼"""
"581,""1"",""Yang sabar yah KK wili"",""2025-03-19T07:52:43.331301Z"",576,1.131,""Not Online Gambling Promotion"",""2025-03-19T07:52:43.331301Z"",""26BvH8U7PHA"",""Sedih banget.. ðŸ˜­ï¿¼"""
"582,""1"",""Pamerria"",""2025-03-19T07:52:45.351291Z"",577,1.483,""Not Online Gambling Promotion"",""2025-03-19T07:52:45.351291Z"",""26BvH8U7PHA"",""Sedih banget.. ðŸ˜­ï¿¼"""
"583,""1"",""AKUENDAK benci Willy Salim bang"",""2025-03-19T07:52:50.317044Z"",578,4.392,""Not Online Gambling Promotion"",""2025-03-19T07:52:50.317044Z"",""26BvH8U7PHA"",""Sedih banget.. ðŸ˜­ï¿¼"""
"584,""1"",""Sabar banginsya Allah Abang dilindungi Allah SWTamin"",""2025-03-19T07:52:53.231212Z"",579,2.425,""Not Online Gambling Promotion"",""2025-03-19T07:52:53.231212Z"",""26BvH8U7PHA"",""Sedih banget.. ðŸ˜­ï¿¼"""
"585,""1"",""Semangat ya wili"",""2025-03-19T07:52:54.897870Z"",580,1.111,""Not Online Gambling Promotion"",""2025-03-19T07:52:54.897870Z"",""26BvH8U7PHA"",""Sedih banget.. ðŸ˜­ï¿¼"""
"586,""1"",""Yg sabar ya kak wili emg yg nge blokir org ngen kon an asu yg setuju org yg nge blokir ngen like"",""2025-03-19T07:53:01.348033Z"",581,5.905,""Not Online Gambling Promotion"",""2025-03-19T07:53:01.348033Z"",""26BvH8U7PHA"",""Sedih banget.. ðŸ˜­ï¿¼"""
"587,""1"",""patung folow"",""2025-03-19T07:53:04.385242Z"",582,2.503,""Not Online Gambling Promotion"",""2025-03-19T07:53:04.385242Z"",""26BvH8U7PHA"",""Sedih banget.. ðŸ˜­ï¿¼"""
"588,""1"",""bikin masuk neraka kak wile semangat ya kak samaLike"",""2025-03-19T07:53:09.976501Z"",583,5.055,""Not Online Gambling Promotion"",""2025-03-19T07:53:09.976501Z"",""26BvH8U7PHA"",""Sedih banget.. ðŸ˜­ï¿¼"""
"589,""1"",""Sudah Wil Jangan Menangis Aku Dukun Kamu iya Aku Perjaya"",""2025-03-19T07:53:21.051191Z"",584,10.534,""Not Online Gambling Promotion"",""2025-03-19T07:53:21.051191Z"",""26BvH8U7PHA"",""Sedih banget.. ðŸ˜­ï¿¼"""
"590,""1"",""Yg setuju tiktok ban like ga maksa"",""2025-03-19T07:53:23.028352Z"",585,1.424,""Not Online Gambling Promotion"",""2025-03-19T07:53:23.028352Z"",""26BvH8U7PHA"",""Sedih banget.. ðŸ˜­ï¿¼"""
"591,""1"",""sabar ya KA Wili laporin aja polisi"",""2025-03-19T07:53:24.494962Z"",586,0.913,""Not Online Gambling Promotion"",""2025-03-19T07:53:24.494962Z"",""26BvH8U7PHA"",""Sedih banget.. ðŸ˜­ï¿¼"""
"592,""1"",""Kasian semangat ya kak willie"",""2025-03-19T07:53:25.875381Z"",587,0.824,""Not Online Gambling Promotion"",""2025-03-19T07:53:25.875381Z"",""26BvH8U7PHA"",""Sedih banget.. ðŸ˜­ï¿¼"""
"593,""1"",""Sabar ya kak filme"",""2025-03-19T07:53:27.079280Z"",588,0.638,""Not Online Gambling Promotion"",""2025-03-19T07:53:27.079280Z"",""26BvH8U7PHA"",""Sedih banget.. ðŸ˜­ï¿¼"""
"594,""1"",""Sabar ya bang wili belokir"",""2025-03-19T07:53:28.703769Z"",589,1.034,""Not Online Gambling Promotion"",""2025-03-19T07:53:28.703769Z"",""26BvH8U7PHA"",""Sedih banget.. ðŸ˜­ï¿¼"""
"595,""1"",""Kasian wilisalim"",""2025-03-19T07:53:30.164279Z"",590,0.876,""Not Online Gambling Promotion"",""2025-03-19T07:53:30.164279Z"",""26BvH8U7PHA"",""Sedih banget.. ðŸ˜­ï¿¼"""
"596,""1"",""Padahal kak Willi baikknp blokir tiktok"",""2025-03-19T07:53:31.725961Z"",591,0.959,""Not Online Gambling Promotion"",""2025-03-19T07:53:31.725961Z"",""26BvH8U7PHA"",""Sedih banget.. ðŸ˜­ï¿¼"""
"597,""1"",""Kakak semangat ya"",""2025-03-19T07:53:33.231780Z"",592,0.967,""Not Online Gambling Promotion"",""2025-03-19T07:53:33.231780Z"",""26BvH8U7PHA"",""Sedih banget.. ðŸ˜­ï¿¼"""
"598,""1"",""Yang sabar ya KK Elif kembang seri"",""2025-03-19T07:53:34.740199Z"",593,1.011,""Not Online Gambling Promotion"",""2025-03-19T07:53:34.740199Z"",""26BvH8U7PHA"",""Sedih banget.. ðŸ˜­ï¿¼"""
"599,""1"",""Warna cat rumah eh emang udah yg eh eh ditenagai mobile BRAVIA"",""2025-03-19T07:53:39.823606Z"",594,4.488,""Not Online Gambling Promotion"",""2025-03-19T07:53:39.823606Z"",""26BvH8U7PHA"",""Sedih banget.. ðŸ˜­ï¿¼"""
"600,""1"",""Ka wili Indonesia"",""2025-03-19T07:53:41.415758Z"",595,1.05,""Not Online Gambling Promotion"",""2025-03-19T07:53:41.415758Z"",""26BvH8U7PHA"",""Sedih banget.. ðŸ˜­ï¿¼"""
"601,""1"",""Tiktok gak suka gak tiktok"",""2025-03-19T07:53:43.111067Z"",596,1.12,""Not Online Gambling Promotion"",""2025-03-19T07:53:43.111067Z"",""26BvH8U7PHA"",""Sedih banget.. ðŸ˜­ï¿¼"""
"602,""1"",""youtube"",""2025-03-19T07:53:46.143978Z"",597,2.484,""Not Online Gambling Promotion"",""2025-03-19T07:53:46.143978Z"",""26BvH8U7PHA"",""Sedih banget.. ðŸ˜­ï¿¼"""
"603,""1"",""Kak wilisalim sabar ya ujian Allah SWT"",""2025-03-19T07:53:48.146472Z"",598,1.423,""Not Online Gambling Promotion"",""2025-03-19T07:53:48.146472Z"",""26BvH8U7PHA"",""Sedih banget.. ðŸ˜­ï¿¼"""
"604,""1"",""Kakwilisalinsemanganjangannaksis"",""2025-03-19T07:53:54.240036Z"",599,5.509,""Not Online Gambling Promotion"",""2025-03-19T07:53:54.240036Z"",""26BvH8U7PHA"",""Sedih banget.. ðŸ˜­ï¿¼"""
"605,""1"",""Kakak emang bohong dikasih hp"",""2025-03-19T07:54:19.948758Z"",600,3.239,""Not Online Gambling Promotion"",""2025-03-19T07:54:19.948758Z"",""26BvH8U7PHA"",""Sedih banget.. ðŸ˜­ï¿¼"""
"606,""1"",""Kakjang Sedih Aku Likekok"",""2025-03-19T07:54:21.976199Z"",601,1.431,""Not Online Gambling Promotion"",""2025-03-19T07:54:21.976199Z"",""26BvH8U7PHA"",""Sedih banget.. ðŸ˜­ï¿¼"""
"607,""1"",""Kesian Kak wiliyini tiktok ajar"",""2025-03-19T07:54:23.393625Z"",602,0.91,""Not Online Gambling Promotion"",""2025-03-19T07:54:23.393625Z"",""26BvH8U7PHA"",""Sedih banget.. ðŸ˜­ï¿¼"""
"608,""1"",""Bang bok dadi islam"",""2025-03-19T07:54:25.349127Z"",603,1.379,""Not Online Gambling Promotion"",""2025-03-19T07:54:25.349127Z"",""26BvH8U7PHA"",""Sedih banget.. ðŸ˜­ï¿¼"""
"609,""1"",""semoga tiktok blokir"",""2025-03-19T07:54:27.062190Z"",604,1.127,""Not Online Gambling Promotion"",""2025-03-19T07:54:27.062190Z"",""26BvH8U7PHA"",""Sedih banget.. ðŸ˜­ï¿¼"""
"610,""1"",""Jangan sedih tuhan berdoa amen"",""2025-03-19T07:54:28.577685Z"",605,1.008,""Not Online Gambling Promotion"",""2025-03-19T07:54:28.577685Z"",""26BvH8U7PHA"",""Sedih banget.. ðŸ˜­ï¿¼"""
"611,""1"",""Yang sabar ya kak willi salim semoga kak semangat konten"",""2025-03-19T07:54:29.988254Z"",606,0.912,""Not Online Gambling Promotion"",""2025-03-19T07:54:29.988254Z"",""26BvH8U7PHA"",""Sedih banget.. ðŸ˜­ï¿¼"""
"612,""1"",""Memang tiktok gabisa dipercaya"",""2025-03-19T07:54:31.176842Z"",607,0.704,""Not Online Gambling Promotion"",""2025-03-19T07:54:31.176842Z"",""26BvH8U7PHA"",""Sedih banget.. ðŸ˜­ï¿¼"""
"613,""1"",""mampuslu wil"",""2025-03-19T07:54:32.505731Z"",608,0.738,""Not Online Gambling Promotion"",""2025-03-19T07:54:32.505731Z"",""26BvH8U7PHA"",""Sedih banget.. ðŸ˜­ï¿¼"""
"614,""1"",""Tetap semangat yah kak"",""2025-03-19T07:54:33.794033Z"",609,0.716,""Not Online Gambling Promotion"",""2025-03-19T07:54:33.794033Z"",""26BvH8U7PHA"",""Sedih banget.. ðŸ˜­ï¿¼"""
"615,""1"",""Udah bang nangis"",""2025-03-19T07:54:34.936227Z"",610,0.589,""Not Online Gambling Promotion"",""2025-03-19T07:54:34.936227Z"",""26BvH8U7PHA"",""Sedih banget.. ðŸ˜­ï¿¼"""
"616,""1"",""Semangat kak larut kesedihan"",""2025-03-19T07:54:36.068559Z"",611,0.557,""Not Online Gambling Promotion"",""2025-03-19T07:54:36.068559Z"",""26BvH8U7PHA"",""Sedih banget.. ðŸ˜­ï¿¼"""
"617,""1"",""Yang sabar ya kak wile"",""2025-03-19T07:54:37.337508Z"",612,0.723,""Not Online Gambling Promotion"",""2025-03-19T07:54:37.337508Z"",""26BvH8U7PHA"",""Sedih banget.. ðŸ˜­ï¿¼"""
"618,""1"",""Salim dengerin orang"",""2025-03-19T07:54:38.451035Z"",613,0.595,""Not Online Gambling Promotion"",""2025-03-19T07:54:38.451035Z"",""26BvH8U7PHA"",""Sedih banget.. ðŸ˜­ï¿¼"""
"619,""1"",""Bang bang sungai udang"",""2025-03-19T07:54:39.562167Z"",614,0.622,""Not Online Gambling Promotion"",""2025-03-19T07:54:39.562167Z"",""26BvH8U7PHA"",""Sedih banget.. ðŸ˜­ï¿¼"""
"620,""1"",""Yang Sabar Yah"",""2025-03-19T07:54:40.684940Z"",615,0.545,""Not Online Gambling Promotion"",""2025-03-19T07:54:40.684940Z"",""26BvH8U7PHA"",""Sedih banget.. ðŸ˜­ï¿¼"""
"621,""1"",""kak sibcribernya gausah nagis"",""2025-03-19T07:54:41.823583Z"",616,0.559,""Not Online Gambling Promotion"",""2025-03-19T07:54:41.823583Z"",""26BvH8U7PHA"",""Sedih banget.. ðŸ˜­ï¿¼"""
"622,""1"",""Sabar Kawili"",""2025-03-20T02:16:18.188721Z"",617,66095.538,""Not Online Gambling Promotion"",""2025-03-20T02:16:18.188721Z"",""26BvH8U7PHA"",""Sedih banget.. ðŸ˜­ï¿¼"""
"623,""1"",""Kawilimintahapeaipong"",""2025-03-20T02:16:29.453101Z"",618,10.844,""Not Online Gambling Promotion"",""2025-03-20T02:16:29.453101Z"",""26BvH8U7PHA"",""Sedih banget.. ðŸ˜­ï¿¼"""
"624,""1"",""Akupercaya"",""2025-03-20T02:16:30.932456Z"",619,1.218,""Not Online Gambling Promotion"",""2025-03-20T02:16:30.932456Z"",""26BvH8U7PHA"",""Sedih banget.. ðŸ˜­ï¿¼"""
"625,""1"",""Kawilijangsedi"",""2025-03-20T02:16:32.402974Z"",620,1.157,""Not Online Gambling Promotion"",""2025-03-20T02:16:32.402974Z"",""26BvH8U7PHA"",""Sedih banget.. ðŸ˜­ï¿¼"""
"626,""1"",""Sabar kak wilisali"",""2025-03-20T02:16:33.841089Z"",621,1.162,""Not Online Gambling Promotion"",""2025-03-20T02:16:33.841089Z"",""26BvH8U7PHA"",""Sedih banget.. ðŸ˜­ï¿¼"""
"627,""1"",""TikTok emg sosoan saspend akun bang Willie Salim bukti kalo bang Willie gk bohong semoga tiktok liat biar in akun bang Willie"",""2025-03-20T02:16:59.673421Z"",622,25.478,""Not Online Gambling Promotion"",""2025-03-20T02:16:59.673421Z"",""26BvH8U7PHA"",""Sedih banget.. ðŸ˜­ï¿¼"""
"628,""1"",""TikTok emangsuka aniaya salah akunnya gak papa adek blokir tetep solid"",""2025-03-20T02:17:01.507267Z"",623,1.488,""Not Online Gambling Promotion"",""2025-03-20T02:17:01.507267Z"",""26BvH8U7PHA"",""Sedih banget.. ðŸ˜­ï¿¼"""
"629,""1"",""kakakupercayakokakyangsabaryaka"",""2025-03-20T02:17:02.796613Z"",624,0.975,""Not Online Gambling Promotion"",""2025-03-20T02:17:02.796613Z"",""26BvH8U7PHA"",""Sedih banget.. ðŸ˜­ï¿¼"""
"630,""1"",""abang wili nangis abang wili jangannangis Elsa"",""2025-03-20T02:17:03.928165Z"",625,0.761,""Not Online Gambling Promotion"",""2025-03-20T02:17:03.928165Z"",""26BvH8U7PHA"",""Sedih banget.. ðŸ˜­ï¿¼"""
"631,""1"",""Yang sabar ya ka willy ka willy sabar ya sabar"",""2025-03-20T02:17:05.045568Z"",626,0.721,""Not Online Gambling Promotion"",""2025-03-20T02:17:05.045568Z"",""26BvH8U7PHA"",""Sedih banget.. ðŸ˜­ï¿¼"""
"632,""1"",""sabar kakak Willy ko blokir"",""2025-03-20T02:17:06.134211Z"",627,0.799,""Not Online Gambling Promotion"",""2025-03-20T02:17:06.134211Z"",""26BvH8U7PHA"",""Sedih banget.. ðŸ˜­ï¿¼"""
"633,""1"",""Y"",""2025-03-20T02:17:07.337659Z"",628,0.885,""Not Online Gambling Promotion"",""2025-03-20T02:17:07.337659Z"",""26BvH8U7PHA"",""Sedih banget.. ðŸ˜­ï¿¼"""
"634,""1"",""Kenapa kayak gitu sedih blokir ya Tik tok Tik tok kertas Tik tok bohong nggak bohong Billy Salim"",""2025-03-20T02:17:08.706339Z"",629,1.1,""Not Online Gambling Promotion"",""2025-03-20T02:17:08.706339Z"",""26BvH8U7PHA"",""Sedih banget.. ðŸ˜­ï¿¼"""
"635,""1"",""Ka Wili aipon"",""2025-03-20T02:17:09.771114Z"",630,0.721,""Not Online Gambling Promotion"",""2025-03-20T02:17:09.771114Z"",""26BvH8U7PHA"",""Sedih banget.. ðŸ˜­ï¿¼"""
"636,""1"",""ngeselin sedih kau Salim"",""2025-03-20T02:17:10.730138Z"",631,0.65,""Not Online Gambling Promotion"",""2025-03-20T02:17:10.730138Z"",""26BvH8U7PHA"",""Sedih banget.. ðŸ˜­ï¿¼"""
"637,""1"",""Kawili Jang Sedi Ya"",""2025-03-20T02:17:11.616215Z"",632,0.593,""Not Online Gambling Promotion"",""2025-03-20T02:17:11.616215Z"",""26BvH8U7PHA"",""Sedih banget.. ðŸ˜­ï¿¼"""
"638,""1"",""Sabar ya kk wilie kk kuat"",""2025-03-20T02:17:12.478285Z"",633,0.555,""Not Online Gambling Promotion"",""2025-03-20T02:17:12.478285Z"",""26BvH8U7PHA"",""Sedih banget.. ðŸ˜­ï¿¼"""
"639,""1"",""Jangan sedih will"",""2025-03-20T02:17:13.334549Z"",634,0.514,""Not Online Gambling Promotion"",""2025-03-20T02:17:13.334549Z"",""26BvH8U7PHA"",""Sedih banget.. ðŸ˜­ï¿¼"""
"640,""1"",""Yang sabarnya kak Wili"",""2025-03-20T02:17:14.186857Z"",635,0.48,""Not Online Gambling Promotion"",""2025-03-20T02:17:14.186857Z"",""26BvH8U7PHA"",""Sedih banget.. ðŸ˜­ï¿¼"""
"641,""1"",""Sabar ya kak"",""2025-03-20T02:17:15.128039Z"",636,2.117,""Not Online Gambling Promotion"",""2025-03-20T02:17:20.002324Z"",""26BvH8U7PHA"",""Sedih banget.. ðŸ˜­ï¿¼"""
"642,""1"",""Hhhhhhhhh bohong lu"",""2025-03-20T02:17:27.654958Z"",637,2.06,""Not Online Gambling Promotion"",""2025-03-20T02:17:27.654958Z"",""26BvH8U7PHA"",""Sedih banget.. ðŸ˜­ï¿¼"""
"643,""1"",""yaa sabar"",""2025-03-20T02:17:32.696963Z"",638,4.623,""Not Online Gambling Promotion"",""2025-03-20T02:17:32.697319Z"",""26BvH8U7PHA"",""Sedih banget.. ðŸ˜­ï¿¼"""
"644,""1"",""Rasaintu sedih nggak kasih trima kasih tiktok"",""2025-03-20T02:17:37.738319Z"",639,4.736,""Not Online Gambling Promotion"",""2025-03-20T02:17:37.738319Z"",""26BvH8U7PHA"",""Sedih banget.. ðŸ˜­ï¿¼"""
"645,""1"",""Sabar kak"",""2025-03-20T02:17:39.196362Z"",640,1.078,""Not Online Gambling Promotion"",""2025-03-20T02:17:39.196362Z"",""26BvH8U7PHA"",""Sedih banget.. ðŸ˜­ï¿¼"""
"646,""1"",""Kasihan ka wili mening sucrab"",""2025-03-20T02:17:41.079306Z"",641,1.397,""Not Online Gambling Promotion"",""2025-03-20T02:17:41.079306Z"",""26BvH8U7PHA"",""Sedih banget.. ðŸ˜­ï¿¼"""
"647,""1"",""Bang willy semangan pernahmenyerah"",""2025-03-20T02:17:46.999240Z"",642,5.394,""Not Online Gambling Promotion"",""2025-03-20T02:17:46.999240Z"",""26BvH8U7PHA"",""Sedih banget.. ðŸ˜­ï¿¼"""
"648,""1"",""Bang telefon bang anak"",""2025-03-20T02:17:49.853567Z"",643,2.31,""Not Online Gambling Promotion"",""2025-03-20T02:17:49.853567Z"",""26BvH8U7PHA"",""Sedih banget.. ðŸ˜­ï¿¼"""
"649,""1"",""tiktok goplok"",""2025-03-20T02:17:51.838443Z"",644,1.461,""Not Online Gambling Promotion"",""2025-03-20T02:17:51.838443Z"",""26BvH8U7PHA"",""Sedih banget.. ðŸ˜­ï¿¼"""
"650,""1"",""Sedi alay pembohong"",""2025-03-20T02:17:54.917677Z"",645,2.563,""Not Online Gambling Promotion"",""2025-03-20T02:17:54.917677Z"",""26BvH8U7PHA"",""Sedih banget.. ðŸ˜­ï¿¼"""
"651,""1"",""Tetep semangat kak willie ngontennya"",""2025-03-20T02:17:56.625607Z"",646,1.167,""Not Online Gambling Promotion"",""2025-03-20T02:17:56.625607Z"",""26BvH8U7PHA"",""Sedih banget.. ðŸ˜­ï¿¼"""
"652,""1"",""Iya yg bohong mengatas namakan Minta uang admin"",""2025-03-20T02:17:58.463908Z"",647,1.246,""Not Online Gambling Promotion"",""2025-03-20T02:17:58.463908Z"",""26BvH8U7PHA"",""Sedih banget.. ðŸ˜­ï¿¼"""
"653,""1"",""Sabar bang wili salim semoga bisalagih lep wil"",""2025-03-20T02:17:59.967499Z"",648,0.956,""Not Online Gambling Promotion"",""2025-03-20T02:17:59.967499Z"",""26BvH8U7PHA"",""Sedih banget.. ðŸ˜­ï¿¼"""
"654,""1"",""Dt dyusf shst dipa sydt sydt"",""2025-03-20T02:18:01.312502Z"",649,0.714,""Not Online Gambling Promotion"",""2025-03-20T02:18:01.312502Z"",""26BvH8U7PHA"",""Sedih banget.. ðŸ˜­ï¿¼"""
"655,""1"",""Kesian kak wiliy semangat kak"",""2025-03-20T02:18:04.396852Z"",650,0.665,""Not Online Gambling Promotion"",""2025-03-20T02:18:04.396852Z"",""26BvH8U7PHA"",""Sedih banget.. ðŸ˜­ï¿¼"""
"656,""1"",""Sabarya"",""2025-03-20T02:18:07.037604Z"",651,2.088,""Not Online Gambling Promotion"",""2025-03-20T02:18:07.037604Z"",""26BvH8U7PHA"",""Sedih banget.. ðŸ˜­ï¿¼"""
"657,""1"",""kak Wili blogkir akun tiktok"",""2025-03-20T02:18:08.549764Z"",652,0.934,""Not Online Gambling Promotion"",""2025-03-20T02:18:08.549764Z"",""26BvH8U7PHA"",""Sedih banget.. ðŸ˜­ï¿¼"""
"658,""1"",""jgn cepat mengalah hikmah d sebalik yg semangat jgn stress dr jiran mu"",""2025-03-20T02:18:10.873318Z"",653,1.639,""Not Online Gambling Promotion"",""2025-03-20T02:18:10.873318Z"",""26BvH8U7PHA"",""Sedih banget.. ðŸ˜­ï¿¼"""
"659,""1"",""Sabar ya kak sedih"",""2025-03-20T02:18:12.369416Z"",654,0.877,""Not Online Gambling Promotion"",""2025-03-20T02:18:12.369416Z"",""26BvH8U7PHA"",""Sedih banget.. ðŸ˜­ï¿¼"""
"660,""1"",""Bohong lu wili"",""2025-03-20T02:18:13.812324Z"",655,0.776,""Not Online Gambling Promotion"",""2025-03-20T02:18:13.812324Z"",""26BvH8U7PHA"",""Sedih banget.. ðŸ˜­ï¿¼"""
"661,""1"",""grgr 10k yah"",""2025-03-20T02:18:15.093451Z"",656,0.698,""Not Online Gambling Promotion"",""2025-03-20T02:18:15.093451Z"",""26BvH8U7PHA"",""Sedih banget.. ðŸ˜­ï¿¼"""
"662,""1"",""Kk willi orang nya berbohong subscriber nya kk wilili orangnya ramah jujur we kawan kawan ayo Semangati kk wilili biyar kk wilili semangat kontennya ya setuju like dibawah iniya"",""2025-03-20T02:18:17.278906Z"",657,1.65,""Not Online Gambling Promotion"",""2025-03-20T02:18:17.278906Z"",""26BvH8U7PHA"",""Sedih banget.. ðŸ˜­ï¿¼"""
"663,""1"",""DORA77 juara jepey gmpng"",""2025-03-20T02:18:20.022046Z"",658,2.165,""Online Gambling Promotion"",""2025-03-20T02:18:20.022046Z"",""26BvH8U7PHA"",""Sedih banget.. ðŸ˜­ï¿¼"""
"664,""1"",""DORA77 maxwin"",""2025-03-20T02:18:21.600069Z"",659,0.986,""Online Gambling Promotion"",""2025-03-20T02:18:21.600069Z"",""26BvH8U7PHA"",""Sedih banget.. ðŸ˜­ï¿¼"""
"665,""1"",""DORA77 gacir"",""2025-03-20T02:18:23.231765Z"",660,1.079,""Online Gambling Promotion"",""2025-03-20T02:18:23.231765Z"",""26BvH8U7PHA"",""Sedih banget.. ðŸ˜­ï¿¼"""
"666,""1"",""DORA77 cuan banget"",""2025-03-20T02:18:26.259838Z"",661,2.428,""Online Gambling Promotion"",""2025-03-20T02:18:26.259838Z"",""26BvH8U7PHA"",""Sedih banget.. ðŸ˜­ï¿¼"""
"667,""1"",""DORA77 gachor ga matinya"",""2025-03-20T02:18:29.109847Z"",662,2.214,""Online Gambling Promotion"",""2025-03-20T02:18:29.109847Z"",""26BvH8U7PHA"",""Sedih banget.. ðŸ˜­ï¿¼"""
"668,""1"",""Akudikapungakunamanyputri"",""2025-03-20T02:18:32.097030Z"",663,2.359,""Not Online Gambling Promotion"",""2025-03-20T02:18:32.097030Z"",""26BvH8U7PHA"",""Sedih banget.. ðŸ˜­ï¿¼"""
"669,""1"",""Kakwiliakusudahsakkker"",""2025-03-20T02:18:33.707205Z"",664,1.079,""Not Online Gambling Promotion"",""2025-03-20T02:18:33.707205Z"",""26BvH8U7PHA"",""Sedih banget.. ðŸ˜­ï¿¼"""
"670,""1"",""Sabaryakakwili"",""2025-03-20T02:18:35.300577Z"",665,0.983,""Not Online Gambling Promotion"",""2025-03-20T02:18:35.300577Z"",""26BvH8U7PHA"",""Sedih banget.. ðŸ˜­ï¿¼"""
"671,""1"",""Oiya maap ka ganat zzypshy yati vepzzyrshycyt"",""2025-03-20T02:18:43.927440Z"",666,8.002,""Not Online Gambling Promotion"",""2025-03-20T02:18:43.927440Z"",""26BvH8U7PHA"",""Sedih banget.. ðŸ˜­ï¿¼"""
"672,""1"",""SABAR yaaaa Anak Ganteng Willy ALLAH MAHA TAHU TAKE CARE WT SEMANGAT YAAAA BuNur SPORE"",""2025-03-20T02:18:49.582731Z"",667,5.033,""Not Online Gambling Promotion"",""2025-03-20T02:18:49.582731Z"",""26BvH8U7PHA"",""Sedih banget.. ðŸ˜­ï¿¼"""
"673,""1"",""Yang sabar ya kak wilie percaya"",""2025-03-20T02:19:10.118620Z"",668,19.927,""Not Online Gambling Promotion"",""2025-03-20T02:19:10.118620Z"",""26BvH8U7PHA"",""Sedih banget.. ðŸ˜­ï¿¼"""
"674,""1"",""Sabar ya kak wiili"",""2025-03-20T02:19:12.070449Z"",669,1.353,""Not Online Gambling Promotion"",""2025-03-20T02:19:12.070449Z"",""26BvH8U7PHA"",""Sedih banget.. ðŸ˜­ï¿¼"""
"675,""1"",""Kak wili sabar ya"",""2025-03-20T02:19:13.785335Z"",670,1.082,""Not Online Gambling Promotion"",""2025-03-20T02:19:13.785335Z"",""26BvH8U7PHA"",""Sedih banget.. ðŸ˜­ï¿¼"""
"676,""1"",""Ksos"",""2025-03-20T02:19:15.152105Z"",671,0.812,""Not Online Gambling Promotion"",""2025-03-20T02:19:15.152105Z"",""26BvH8U7PHA"",""Sedih banget.. ðŸ˜­ï¿¼"""
"677,""1"",""Wily yg sabar Wily uji Allah sayangjgn takut karna disetiap kesusahan kesedihan kebahagiaan musabar yaaWily"",""2025-03-20T02:19:16.809225Z"",672,1.08,""Not Online Gambling Promotion"",""2025-03-20T02:19:16.809225Z"",""26BvH8U7PHA"",""Sedih banget.. ðŸ˜­ï¿¼"""
"678,""1"",""Willi orang hati mu malaikat sabar yaa kak Willi"",""2025-03-20T02:19:18.068309Z"",673,0.652,""Not Online Gambling Promotion"",""2025-03-20T02:19:18.068309Z"",""26BvH8U7PHA"",""Sedih banget.. ðŸ˜­ï¿¼"""
"679,""1"",""Pengen hack tiktok aja"",""2025-03-20T02:19:19.183116Z"",674,0.575,""Not Online Gambling Promotion"",""2025-03-20T02:19:19.183116Z"",""26BvH8U7PHA"",""Sedih banget.. ðŸ˜­ï¿¼"""
"680,""1"",""kena PL kak Willie Yang sabar yaaaa"",""2025-03-20T02:19:20.471906Z"",675,0.684,""Not Online Gambling Promotion"",""2025-03-20T02:19:20.471906Z"",""26BvH8U7PHA"",""Sedih banget.. ðŸ˜­ï¿¼"""
"681,""1"",""Jang sabar ya bang"",""2025-03-20T02:19:21.959654Z"",676,0.817,""Not Online Gambling Promotion"",""2025-03-20T02:19:21.959654Z"",""26BvH8U7PHA"",""Sedih banget.. ðŸ˜­ï¿¼"""
"682,""1"",""5000000"",""2025-03-20T02:19:23.463632Z"",677,0.962,""Not Online Gambling Promotion"",""2025-03-20T02:19:23.463632Z"",""26BvH8U7PHA"",""Sedih banget.. ðŸ˜­ï¿¼"""
"683,""1"",""Sabar takdir sabar takdir biar Allah membalas perbuatan"",""2025-03-20T02:19:24.735598Z"",678,0.71,""Not Online Gambling Promotion"",""2025-03-20T02:19:24.735598Z"",""26BvH8U7PHA"",""Sedih banget.. ðŸ˜­ï¿¼"""
"684,""1"",""Tenang ya kak udah like sedih lihat ceritanya"",""2025-03-20T02:19:26.054701Z"",679,0.648,""Not Online Gambling Promotion"",""2025-03-20T02:19:26.054701Z"",""26BvH8U7PHA"",""Sedih banget.. ðŸ˜­ï¿¼"""
"685,""1"",""Ya allah sabar mas wiliiy"",""2025-03-20T02:19:27.257879Z"",680,0.631,""Not Online Gambling Promotion"",""2025-03-20T02:19:27.257879Z"",""26BvH8U7PHA"",""Sedih banget.. ðŸ˜­ï¿¼"""
"686,""1"",""Tenang ya bang sialan tiktok"",""2025-03-20T02:19:28.585408Z"",681,0.724,""Not Online Gambling Promotion"",""2025-03-20T02:19:28.585408Z"",""26BvH8U7PHA"",""Sedih banget.. ðŸ˜­ï¿¼"""
"687,""1"",""sabar yah bang"",""2025-03-20T02:19:29.821007Z"",682,0.629,""Not Online Gambling Promotion"",""2025-03-20T02:19:29.821007Z"",""26BvH8U7PHA"",""Sedih banget.. ðŸ˜­ï¿¼"""
"688,""1"",""Sabar cobaan bang"",""2025-03-20T02:19:31.059102Z"",683,1.464,""Not Online Gambling Promotion"",""2025-03-20T02:19:33.523685Z"",""26BvH8U7PHA"",""Sedih banget.. ðŸ˜­ï¿¼"""
"689,""1"",""Semangat kak mending kakak wili cape istirahat aja kak"",""2025-03-20T02:19:37.257064Z"",684,1.073,""Not Online Gambling Promotion"",""2025-03-20T02:19:37.257064Z"",""26BvH8U7PHA"",""Sedih banget.. ðŸ˜­ï¿¼"""
"690,""1"",""SABAR WILLY ORG BAIK AJE BANYAK TANTANGAN NYA YA"",""2025-03-20T02:19:38.604424Z"",685,0.791,""Not Online Gambling Promotion"",""2025-03-20T02:19:38.604424Z"",""26BvH8U7PHA"",""Sedih banget.. ðŸ˜­ï¿¼"""
"691,""1"",""Kaa wilih sabar ya liat kak Wili pingin nangiss"",""2025-03-20T02:19:39.820045Z"",686,0.693,""Not Online Gambling Promotion"",""2025-03-20T02:19:39.820045Z"",""26BvH8U7PHA"",""Sedih banget.. ðŸ˜­ï¿¼"""
"692,""1"",""JGN K HWATIRSMOGA SUKSES TERUS"",""2025-03-20T02:19:41.282198Z"",687,0.84,""Not Online Gambling Promotion"",""2025-03-20T02:19:41.282198Z"",""26BvH8U7PHA"",""Sedih banget.. ðŸ˜­ï¿¼"""
"693,""1"",""sabar kagiti"",""2025-03-20T02:19:42.808871Z"",688,0.797,""Not Online Gambling Promotion"",""2025-03-20T02:19:42.808871Z"",""26BvH8U7PHA"",""Sedih banget.. ðŸ˜­ï¿¼"""
"694,""1"",""Wah tiktok pelajaran nih dah tangan melayang muka"",""2025-03-20T02:19:44.227999Z"",689,0.88,""Not Online Gambling Promotion"",""2025-03-20T02:19:44.227999Z"",""26BvH8U7PHA"",""Sedih banget.. ðŸ˜­ï¿¼"""
"695,""1"",""BANG AYAH AKU KERJA DEKET RUMAH KAMU LOHHH KEMAREN AKU LEWAT DEPAN RUMAH KAMUUU GEDE BNGT BANG KENAL AYAH AKU GK NAMA AYAH AKU NAZORI"",""2025-03-20T02:19:46.207313Z"",690,1.379,""Not Online Gambling Promotion"",""2025-03-20T02:19:46.207313Z"",""26BvH8U7PHA"",""Sedih banget.. ðŸ˜­ï¿¼"""
"696,""1"",""ya awah semoga cipan gembali"",""2025-03-20T02:19:47.656224Z"",691,0.837,""Not Online Gambling Promotion"",""2025-03-20T02:19:47.656224Z"",""26BvH8U7PHA"",""Sedih banget.. ðŸ˜­ï¿¼"""
"697,""1"",""Bacot"",""2025-03-20T02:19:48.884955Z"",692,0.645,""Not Online Gambling Promotion"",""2025-03-20T02:19:48.884955Z"",""26BvH8U7PHA"",""Sedih banget.. ðŸ˜­ï¿¼"""
"698,""1"",""Diselidiki tik tok blokir Saya bang willi orang Jangan blokir"",""2025-03-20T02:19:50.233080Z"",693,0.793,""Not Online Gambling Promotion"",""2025-03-20T02:19:50.233080Z"",""26BvH8U7PHA"",""Sedih banget.. ðŸ˜­ï¿¼"""
"699,""1"",""Wah tiktok nih EMG kaya gini jg Karna gini gak daftar tiktok kasih reting tiktok 00"",""2025-03-20T02:19:51.523641Z"",694,0.678,""Not Online Gambling Promotion"",""2025-03-20T02:19:51.523641Z"",""26BvH8U7PHA"",""Sedih banget.. ðŸ˜­ï¿¼"""
"700,""1"",""yg sabar orang yg iri"",""2025-03-20T02:19:52.841837Z"",695,0.671,""Not Online Gambling Promotion"",""2025-03-20T02:19:52.841837Z"",""26BvH8U7PHA"",""Sedih banget.. ðŸ˜­ï¿¼"""
"701,""1"",""bokir nangis"",""2025-03-20T02:19:54.145847Z"",696,0.667,""Not Online Gambling Promotion"",""2025-03-20T02:19:54.145847Z"",""26BvH8U7PHA"",""Sedih banget.. ðŸ˜­ï¿¼"""
"702,""1"",""YG SABAR KAKADA rencana Tuhan yg indah"",""2025-03-20T02:19:55.353181Z"",697,0.671,""Not Online Gambling Promotion"",""2025-03-20T02:19:55.353181Z"",""26BvH8U7PHA"",""Sedih banget.. ðŸ˜­ï¿¼"""
"703,""1"",""Yang sabar ya bang willie"",""2025-03-20T02:19:56.579641Z"",698,0.711,""Not Online Gambling Promotion"",""2025-03-20T02:19:56.579641Z"",""26BvH8U7PHA"",""Sedih banget.. ðŸ˜­ï¿¼"""
"704,""1"",""Semangat kak Wili kak Wili dibilang bohong tik tok yg kak Wili bener bener Melaku nya Allah yg maha baikan Kak Wili"",""2025-03-20T02:19:57.930263Z"",699,2.495,""Not Online Gambling Promotion"",""2025-03-20T02:20:00.997931Z"",""26BvH8U7PHA"",""Sedih banget.. ðŸ˜­ï¿¼"""
"705,""1"",""tetep semangat bos contoh"",""2025-03-20T02:20:03.590711Z"",700,1.01,""Not Online Gambling Promotion"",""2025-03-20T02:20:03.590711Z"",""26BvH8U7PHA"",""Sedih banget.. ðŸ˜­ï¿¼"""
"706,""1"",""Yang sabar ya kak wilie"",""2025-03-20T02:20:04.954015Z"",701,0.762,""Not Online Gambling Promotion"",""2025-03-20T02:20:04.954015Z"",""26BvH8U7PHA"",""Sedih banget.. ðŸ˜­ï¿¼"""
"707,""1"",""Live youtube aja"",""2025-03-20T02:20:06.226342Z"",702,0.648,""Not Online Gambling Promotion"",""2025-03-20T02:20:06.226342Z"",""26BvH8U7PHA"",""Sedih banget.. ðŸ˜­ï¿¼"""
"708,""1"",""Yang sabar ya ka wili emang kaya gitu orang manusia blokir sabar sabar ya juaga nge live ya"",""2025-03-20T02:20:07.483868Z"",703,0.679,""Not Online Gambling Promotion"",""2025-03-20T02:20:07.483868Z"",""26BvH8U7PHA"",""Sedih banget.. ðŸ˜­ï¿¼"""
"709,""1"",""Sabar wilisemangat y orang jlny"",""2025-03-20T02:20:08.878037Z"",704,0.771,""Not Online Gambling Promotion"",""2025-03-20T02:20:08.878037Z"",""26BvH8U7PHA"",""Sedih banget.. ðŸ˜­ï¿¼"""
"710,""1"",""Sabar ya kak wili"",""2025-03-20T02:20:10.088445Z"",705,0.669,""Not Online Gambling Promotion"",""2025-03-20T02:20:10.088445Z"",""26BvH8U7PHA"",""Sedih banget.. ðŸ˜­ï¿¼"""
"711,""1"",""Hai KA Wili vina sabar ya KA Wili tetep semangat"",""2025-03-20T02:20:11.307353Z"",706,0.66,""Not Online Gambling Promotion"",""2025-03-20T02:20:11.307353Z"",""26BvH8U7PHA"",""Sedih banget.. ðŸ˜­ï¿¼"""
"712,""1"",""Yang sabar ya ka wili ujian allah sabar ka wili"",""2025-03-20T02:20:12.601948Z"",707,1.755,""Not Online Gambling Promotion"",""2025-03-20T02:20:15.075553Z"",""26BvH8U7PHA"",""Sedih banget.. ðŸ˜­ï¿¼"""
"713,""1"",""mgkin tiktoknya gak sengaja kepencet button block"",""2025-03-20T02:20:18.026718Z"",708,1.086,""Not Online Gambling Promotion"",""2025-03-20T02:20:18.026718Z"",""26BvH8U7PHA"",""Sedih banget.. ðŸ˜­ï¿¼"""
"714,""1"",""Yang udah dibawa umroh penjualan es teh sulsel kab Pangkep"",""2025-03-20T02:20:19.744827Z"",709,1.08,""Not Online Gambling Promotion"",""2025-03-20T02:20:19.744827Z"",""26BvH8U7PHA"",""Sedih banget.. ðŸ˜­ï¿¼"""
"715,""1"",""Udah kak Wili semangat ya"",""2025-03-20T02:20:21.050373Z"",710,0.743,""Not Online Gambling Promotion"",""2025-03-20T02:20:21.050373Z"",""26BvH8U7PHA"",""Sedih banget.. ðŸ˜­ï¿¼"""
"716,""1"",""tiktok reting ya rendah"",""2025-03-20T02:20:22.275681Z"",711,0.672,""Not Online Gambling Promotion"",""2025-03-20T02:20:22.275681Z"",""26BvH8U7PHA"",""Sedih banget.. ðŸ˜­ï¿¼"""
"717,""1"",""SI WILI"",""2025-03-20T02:20:23.725234Z"",712,0.841,""Not Online Gambling Promotion"",""2025-03-20T02:20:23.725234Z"",""26BvH8U7PHA"",""Sedih banget.. ðŸ˜­ï¿¼"""
"718,""1"",""SEMOGA MASUK SURGA"",""2025-03-20T02:20:25.192737Z"",713,0.871,""Not Online Gambling Promotion"",""2025-03-20T02:20:25.192737Z"",""26BvH8U7PHA"",""Sedih banget.. ðŸ˜­ï¿¼"""
"719,""1"",""TIKTOK JAHAT WILI TENAGN YANG SETUJU TIKTOK JAHAT PUS LIKE ATAU KAK WILI"",""2025-03-20T02:20:27.259488Z"",714,1.441,""Not Online Gambling Promotion"",""2025-03-20T02:20:27.259488Z"",""26BvH8U7PHA"",""Sedih banget.. ðŸ˜­ï¿¼"""
"720,""1"",""Sabar kak wil"",""2025-03-20T02:20:28.755143Z"",715,0.94,""Not Online Gambling Promotion"",""2025-03-20T02:20:28.755143Z"",""26BvH8U7PHA"",""Sedih banget.. ðŸ˜­ï¿¼"""
"721,""1"",""Tenagbil Gakpapabil Iebibaik Kamu Pikirkan Yanglan"",""2025-03-20T02:20:31.834031Z"",716,2.473,""Not Online Gambling Promotion"",""2025-03-20T02:20:31.834031Z"",""26BvH8U7PHA"",""Sedih banget.. ðŸ˜­ï¿¼"""
"722,""1"",""Sabar kak"",""2025-03-20T02:20:33.113681Z"",717,0.768,""Not Online Gambling Promotion"",""2025-03-20T02:20:33.113681Z"",""26BvH8U7PHA"",""Sedih banget.. ðŸ˜­ï¿¼"""
"723,""1"",""Bawa santai aja bro"",""2025-03-20T02:20:34.586145Z"",718,1.7029999999999998,""Not Online Gambling Promotion"",""2025-03-20T02:20:36.679478Z"",""26BvH8U7PHA"",""Sedih banget.. ðŸ˜­ï¿¼"""
"724,""1"",""Semangat kak"",""2025-03-20T02:20:40.027612Z"",719,1.593,""Not Online Gambling Promotion"",""2025-03-20T02:20:40.027612Z"",""26BvH8U7PHA"",""Sedih banget.. ðŸ˜­ï¿¼"""
"725,""1"",""Kak Wili sedih Aku udah subscribe lek Kak Wili penyelamat Dan kak Wili malaikat Aku suka nonton film kak Wili Dan kak Wili sedih"",""2025-03-20T02:20:41.766236Z"",720,1.174,""Not Online Gambling Promotion"",""2025-03-20T02:20:41.766236Z"",""26BvH8U7PHA"",""Sedih banget.. ðŸ˜­ï¿¼"""
"726,""1"",""KA percaya ko samakaka non ton Jagan sedi ya ganteng"",""2025-03-20T02:20:43.268082Z"",721,0.887,""Not Online Gambling Promotion"",""2025-03-20T02:20:43.268082Z"",""26BvH8U7PHA"",""Sedih banget.. ðŸ˜­ï¿¼"""
"727,""1"",""Maka nya gak sombong orang Willie benerann lakuin udah biar keluarga Willie aja tau gak bikin live"",""2025-03-20T02:20:44.774525Z"",722,0.946,""Not Online Gambling Promotion"",""2025-03-20T02:20:44.774525Z"",""26BvH8U7PHA"",""Sedih banget.. ðŸ˜­ï¿¼"""
"728,""1"",""Mana kasih hp udh subscribe udah follow bukti mna sedih kecewa sm kk willy boong"",""2025-03-20T02:20:46.149847Z"",723,0.848,""Not Online Gambling Promotion"",""2025-03-20T02:20:46.149847Z"",""26BvH8U7PHA"",""Sedih banget.. ðŸ˜­ï¿¼"""
"729,""1"",""Restu"",""2025-03-20T02:20:47.689928Z"",724,0.964,""Not Online Gambling Promotion"",""2025-03-20T02:20:47.689928Z"",""26BvH8U7PHA"",""Sedih banget.. ðŸ˜­ï¿¼"""
"730,""1"",""Semoga rejekinya amin"",""2025-03-20T02:20:49.043500Z"",725,0.759,""Not Online Gambling Promotion"",""2025-03-20T02:20:49.043500Z"",""26BvH8U7PHA"",""Sedih banget.. ðŸ˜­ï¿¼"""
"731,""1"",""Jangan sedih kak wilie dukung kalu kak wilie"",""2025-03-20T02:20:50.556067Z"",726,0.887,""Not Online Gambling Promotion"",""2025-03-20T02:20:50.556067Z"",""26BvH8U7PHA"",""Sedih banget.. ðŸ˜­ï¿¼"""
"732,""1"",""Kak Wili sabar ya puasa"",""2025-03-20T02:20:51.941127Z"",727,0.808,""Not Online Gambling Promotion"",""2025-03-20T02:20:51.941127Z"",""26BvH8U7PHA"",""Sedih banget.. ðŸ˜­ï¿¼"""
"733,""1"",""Kak Willy akunku YouTube diblokir Google suka ngomong kasar lo"",""2025-03-20T02:20:53.328499Z"",728,0.831,""Not Online Gambling Promotion"",""2025-03-20T02:20:53.328499Z"",""26BvH8U7PHA"",""Sedih banget.. ðŸ˜­ï¿¼"""
"734,""1"",""Tetap semangat bang bantu org"",""2025-03-20T02:20:54.562272Z"",729,0.714,""Not Online Gambling Promotion"",""2025-03-20T02:20:54.562272Z"",""26BvH8U7PHA"",""Sedih banget.. ðŸ˜­ï¿¼"""
"735,""1"",""Udah kak gak papa bilang bohong kakak udah orang"",""2025-03-20T02:20:55.890657Z"",730,0.805,""Not Online Gambling Promotion"",""2025-03-20T02:20:55.890657Z"",""26BvH8U7PHA"",""Sedih banget.. ðŸ˜­ï¿¼"""
"736,""1"",""sabar ya ka"",""2025-03-20T02:20:57.306514Z"",731,0.823,""Not Online Gambling Promotion"",""2025-03-20T02:20:57.306514Z"",""26BvH8U7PHA"",""Sedih banget.. ðŸ˜­ï¿¼"""
"737,""1"",""Aku lahir udah percaya"",""2025-03-20T02:20:58.750868Z"",732,0.874,""Not Online Gambling Promotion"",""2025-03-20T02:20:58.750868Z"",""26BvH8U7PHA"",""Sedih banget.. ðŸ˜­ï¿¼"""
"738,""1"",""Yang sabar kak wili"",""2025-03-20T02:21:00.117485Z"",733,0.812,""Not Online Gambling Promotion"",""2025-03-20T02:21:00.117485Z"",""26BvH8U7PHA"",""Sedih banget.. ðŸ˜­ï¿¼"""
"739,""1"",""Itu Yg melaporkan Pastinya"",""2025-03-20T02:21:01.636464Z"",734,0.932,""Not Online Gambling Promotion"",""2025-03-20T02:21:01.636464Z"",""26BvH8U7PHA"",""Sedih banget.. ðŸ˜­ï¿¼"""
"740,""1"",""Kamu coba pergi manado uda volow tida manado ya orang kaya ko manado ih bohong malas ikata ya orang kaya bogong"",""2025-03-20T02:21:03.524718Z"",735,1.295,""Not Online Gambling Promotion"",""2025-03-20T02:21:03.524718Z"",""26BvH8U7PHA"",""Sedih banget.. ðŸ˜­ï¿¼"""
"741,""1"",""Emang ka wili suka bantu orang kesusahan"",""2025-03-20T02:21:04.978386Z"",736,0.866,""Not Online Gambling Promotion"",""2025-03-20T02:21:04.978386Z"",""26BvH8U7PHA"",""Sedih banget.. ðŸ˜­ï¿¼"""
"742,""1"",""Sabar ya ka"",""2025-03-20T02:21:06.330381Z"",737,1.9449999999999998,""Not Online Gambling Promotion"",""2025-03-20T02:21:08.767048Z"",""26BvH8U7PHA"",""Sedih banget.. ðŸ˜­ï¿¼"""
"743,""1"",""Semangattttt yg terbaik"",""2025-03-20T02:21:10.933328Z"",738,1.016,""Not Online Gambling Promotion"",""2025-03-20T02:21:10.933328Z"",""26BvH8U7PHA"",""Sedih banget.. ðŸ˜­ï¿¼"""
"744,""1"",""Sabar"",""2025-03-20T02:21:13.798245Z"",739,2.333,""Not Online Gambling Promotion"",""2025-03-20T02:21:13.798245Z"",""26BvH8U7PHA"",""Sedih banget.. ðŸ˜­ï¿¼"""
"745,""1"",""Tiktok klarifikasi"",""2025-03-20T02:21:15.726965Z"",740,1.27,""Not Online Gambling Promotion"",""2025-03-20T02:21:15.726965Z"",""26BvH8U7PHA"",""Sedih banget.. ðŸ˜­ï¿¼"""
"746,""1"",""Sabar ya"",""2025-03-20T02:21:18.774361Z"",741,2.463,""Not Online Gambling Promotion"",""2025-03-20T02:21:18.774361Z"",""26BvH8U7PHA"",""Sedih banget.. ðŸ˜­ï¿¼"""
"747,""1"",""Wili Kamu islam nggak"",""2025-03-20T02:21:20.536338Z"",742,1.155,""Not Online Gambling Promotion"",""2025-03-20T02:21:20.536338Z"",""26BvH8U7PHA"",""Sedih banget.. ðŸ˜­ï¿¼"""
"748,""1"",""Semang ya kak"",""2025-03-20T02:21:22.423330Z"",743,1.298,""Not Online Gambling Promotion"",""2025-03-20T02:21:22.423330Z"",""26BvH8U7PHA"",""Sedih banget.. ðŸ˜­ï¿¼"""
"749,""1"",""Semangat kk kanmasi yutub"",""2025-03-20T02:21:23.948417Z"",744,1.017,""Not Online Gambling Promotion"",""2025-03-20T02:21:23.948417Z"",""26BvH8U7PHA"",""Sedih banget.. ðŸ˜­ï¿¼"""
"750,""1"",""Itu ujian allah mengetes keesokan nya lipat gandakan nya qkan kali lipat"",""2025-03-20T02:21:26.948570Z"",745,2.503,""Not Online Gambling Promotion"",""2025-03-20T02:21:26.948570Z"",""26BvH8U7PHA"",""Sedih banget.. ðŸ˜­ï¿¼"""
"751,""1"",""Kak sabar ya kak Kami menghibur kakak Kami syg kakak Karna kakak banget Selalu kak cobaan dibalik cobaan kebahagian kakak Kakak sedih ya ikutan sedihh"",""2025-03-20T02:21:30.638681Z"",746,3.083,""Not Online Gambling Promotion"",""2025-03-20T02:21:30.638681Z"",""26BvH8U7PHA"",""Sedih banget.. ðŸ˜­ï¿¼"""
"752,""1"",""Iya kak Willy berjuang tik tok udah nggak blokir deh semangat kau pilih dukung"",""2025-03-20T02:21:38.761046Z"",747,7.531,""Not Online Gambling Promotion"",""2025-03-20T02:21:38.761046Z"",""26BvH8U7PHA"",""Sedih banget.. ðŸ˜­ï¿¼"""
"753,""1"",""tta aat aya a k"",""2025-03-20T02:21:41.065309Z"",748,1.756,""Not Online Gambling Promotion"",""2025-03-20T02:21:41.065309Z"",""26BvH8U7PHA"",""Sedih banget.. ðŸ˜­ï¿¼"""
"754,""1"",""Kakb wiliy sabarya"",""2025-03-20T02:21:42.759901Z"",749,1.191,""Not Online Gambling Promotion"",""2025-03-20T02:21:42.759901Z"",""26BvH8U7PHA"",""Sedih banget.. ðŸ˜­ï¿¼"""
"755,""1"",""Ka Wili harussemangt"",""2025-03-20T02:21:44.510097Z"",750,1.133,""Not Online Gambling Promotion"",""2025-03-20T02:21:44.510097Z"",""26BvH8U7PHA"",""Sedih banget.. ðŸ˜­ï¿¼"""
"756,""1"",""Bintang 0 tiktok cuy setuju"",""2025-03-20T02:21:50.641478Z"",751,5.575,""Not Online Gambling Promotion"",""2025-03-20T02:21:50.641478Z"",""26BvH8U7PHA"",""Sedih banget.. ðŸ˜­ï¿¼"""
"757,""1"",""Smg jln kluarnya yg trbaikbuat willy"",""2025-03-20T02:21:52.576265Z"",752,1.421,""Not Online Gambling Promotion"",""2025-03-20T02:21:52.576265Z"",""26BvH8U7PHA"",""Sedih banget.. ðŸ˜­ï¿¼"""
"758,""1"",""Jujur gua kecewa core"",""2025-03-20T02:21:55.116779Z"",753,1.947,""Not Online Gambling Promotion"",""2025-03-20T02:21:55.116779Z"",""26BvH8U7PHA"",""Sedih banget.. ðŸ˜­ï¿¼"""
"759,""1"",""Aku mengalahkan mrbes"",""2025-03-20T02:21:56.719305Z"",754,1.055,""Not Online Gambling Promotion"",""2025-03-20T02:21:56.719305Z"",""26BvH8U7PHA"",""Sedih banget.. ðŸ˜­ï¿¼"""
"760,""1"",""Di youtube ka willie youtube live youtube"",""2025-03-20T02:21:58.729154Z"",755,1.48,""Not Online Gambling Promotion"",""2025-03-20T02:21:58.729154Z"",""26BvH8U7PHA"",""Sedih banget.. ðŸ˜­ï¿¼"""
"761,""1"",""Sabar bang"",""2025-03-20T02:22:01.735741Z"",756,2.386,""Not Online Gambling Promotion"",""2025-03-20T02:22:01.735741Z"",""26BvH8U7PHA"",""Sedih banget.. ðŸ˜­ï¿¼"""
"762,""1"",""Tiktok parah banget wily salim blokir"",""2025-03-20T02:22:07.048858Z"",757,4.672,""Not Online Gambling Promotion"",""2025-03-20T02:22:07.048858Z"",""26BvH8U7PHA"",""Sedih banget.. ðŸ˜­ï¿¼"""
"763,""1"",""Bukannya wilisalim kristen vidio wilisalim makan biawak"",""2025-03-20T02:22:17.440020Z"",758,9.818,""Not Online Gambling Promotion"",""2025-03-20T02:22:17.440020Z"",""26BvH8U7PHA"",""Sedih banget.. ðŸ˜­ï¿¼"""
"764,""1"",""Mampus"",""2025-03-20T02:22:20.723838Z"",759,2.683,""Not Online Gambling Promotion"",""2025-03-20T02:22:20.723838Z"",""26BvH8U7PHA"",""Sedih banget.. ðŸ˜­ï¿¼"""
"765,""1"",""Semangat bang"",""2025-03-20T02:22:22.437315Z"",760,1.122,""Not Online Gambling Promotion"",""2025-03-20T02:22:22.437315Z"",""26BvH8U7PHA"",""Sedih banget.. ðŸ˜­ï¿¼"""
"766,""1"",""Semangat"",""2025-03-20T02:22:24.019232Z"",761,1.017,""Not Online Gambling Promotion"",""2025-03-20T02:22:24.019232Z"",""26BvH8U7PHA"",""Sedih banget.. ðŸ˜­ï¿¼"""
"767,""1"",""Bohong lo"",""2025-03-20T02:22:25.674839Z"",762,2.132,""Not Online Gambling Promotion"",""2025-03-20T02:22:28.697438Z"",""26BvH8U7PHA"",""Sedih banget.. ðŸ˜­ï¿¼"""
"768,""1"",""Sabar kawili sabar manusia sabar"",""2025-03-20T02:22:34.695902Z"",763,4.092,""Not Online Gambling Promotion"",""2025-03-20T02:22:34.695902Z"",""26BvH8U7PHA"",""Sedih banget.. ðŸ˜­ï¿¼"""
"769,""1"",""Mampus haha"",""2025-03-20T02:22:37.066268Z"",764,1.871,""Not Online Gambling Promotion"",""2025-03-20T02:22:37.066268Z"",""26BvH8U7PHA"",""Sedih banget.. ðŸ˜­ï¿¼"""
"770,""1"",""Jangan"",""2025-03-20T02:22:39.084438Z"",765,1.47,""Not Online Gambling Promotion"",""2025-03-20T02:22:39.084438Z"",""26BvH8U7PHA"",""Sedih banget.. ðŸ˜­ï¿¼"""
"771,""1"",""Kakak bngt"",""2025-03-20T02:22:41.569086Z"",766,1.949,""Not Online Gambling Promotion"",""2025-03-20T02:22:41.569086Z"",""26BvH8U7PHA"",""Sedih banget.. ðŸ˜­ï¿¼"""
"772,""1"",""Bang coba sholat taubat aja Mana Tau Allah jalan lurusya doa ajadeh"",""2025-03-20T02:22:47.764447Z"",767,5.598,""Not Online Gambling Promotion"",""2025-03-20T02:22:47.764447Z"",""26BvH8U7PHA"",""Sedih banget.. ðŸ˜­ï¿¼"""
"773,""1"",""Sabar ya"",""2025-03-20T02:22:50.012301Z"",768,1.737,""Not Online Gambling Promotion"",""2025-03-20T02:22:50.012301Z"",""26BvH8U7PHA"",""Sedih banget.. ðŸ˜­ï¿¼"""
"774,""1"",""Di blokir nya kahterus ng buka lg"",""2025-03-20T02:22:54.035744Z"",769,3.452,""Not Online Gambling Promotion"",""2025-03-20T02:22:54.035744Z"",""26BvH8U7PHA"",""Sedih banget.. ðŸ˜­ï¿¼"""
"775,""1"",""Sabar ya"",""2025-03-20T02:22:55.681693Z"",770,1.066,""Not Online Gambling Promotion"",""2025-03-20T02:22:55.681693Z"",""26BvH8U7PHA"",""Sedih banget.. ðŸ˜­ï¿¼"""
"776,""1"",""Sabar ya wilisalim"",""2025-03-20T02:22:57.770605Z"",771,1.495,""Not Online Gambling Promotion"",""2025-03-20T02:22:57.770605Z"",""26BvH8U7PHA"",""Sedih banget.. ðŸ˜­ï¿¼"""
"777,""1"",""Kasihan Aku percaya kalo kak wili gak bohong liat kak wili gak bohong Aku percaya seratus persen"",""2025-03-20T02:23:01.449016Z"",772,3.174,""Not Online Gambling Promotion"",""2025-03-20T02:23:01.449016Z"",""26BvH8U7PHA"",""Sedih banget.. ðŸ˜­ï¿¼"""
"778,""1"",""Siapa bilang kak Wilie bohong kak Wilie hati ngebantu orang mampuh semoga rezekinya berlimpah"",""2025-03-20T02:23:07.693524Z"",773,5.678,""Not Online Gambling Promotion"",""2025-03-20T02:23:07.693524Z"",""26BvH8U7PHA"",""Sedih banget.. ðŸ˜­ï¿¼"""
"779,""1"",""ga pusingin tik tokkan viral dg lainyng positifsaluut dg koh"",""2025-03-20T02:23:13.698927Z"",774,5.41,""Not Online Gambling Promotion"",""2025-03-20T02:23:13.698927Z"",""26BvH8U7PHA"",""Sedih banget.. ðŸ˜­ï¿¼"""
"780,""1"",""Bangkasihkaliyabang"",""2025-03-20T02:23:18.455938Z"",775,4.256,""Not Online Gambling Promotion"",""2025-03-20T02:23:18.455938Z"",""26BvH8U7PHA"",""Sedih banget.. ðŸ˜­ï¿¼"""
"781,""1"",""Bentaraku benarkan livenya biar Willie orang dunia"",""2025-03-20T02:23:24.906639Z"",776,5.965,""Not Online Gambling Promotion"",""2025-03-20T02:23:24.906639Z"",""26BvH8U7PHA"",""Sedih banget.. ðŸ˜­ï¿¼"""
"782,""1"",""Akun Willie salim kasih kalo ga salahin balikin akun bikin error"",""2025-03-20T02:23:29.782271Z"",777,4.44,""Not Online Gambling Promotion"",""2025-03-20T02:23:29.782271Z"",""26BvH8U7PHA"",""Sedih banget.. ðŸ˜­ï¿¼"""
"783,""1"",""Sabar kksmngttiktok tolong donk org"",""2025-03-20T02:23:33.293049Z"",778,2.947,""Not Online Gambling Promotion"",""2025-03-20T02:23:33.293049Z"",""26BvH8U7PHA"",""Sedih banget.. ðŸ˜­ï¿¼"""
"784,""1"",""Tapi"",""2025-03-20T02:23:37.153079Z"",779,3.36,""Not Online Gambling Promotion"",""2025-03-20T02:23:37.153079Z"",""26BvH8U7PHA"",""Sedih banget.. ðŸ˜­ï¿¼"""
"785,""1"",""Halah ga papa kasih balikin"",""2025-03-20T02:23:41.202485Z"",780,3.476,""Not Online Gambling Promotion"",""2025-03-20T02:23:41.202485Z"",""26BvH8U7PHA"",""Sedih banget.. ðŸ˜­ï¿¼"""
"786,""1"",""UIN Salim bohong"",""2025-03-20T02:23:51.552735Z"",781,9.753,""Not Online Gambling Promotion"",""2025-03-20T02:23:51.552735Z"",""26BvH8U7PHA"",""Sedih banget.. ðŸ˜­ï¿¼"""
"787,""1"",""Y memeng iPhone udah follow bukti ya bukti ya kasih bukti ya kalo kasih iPhone gak salah ya"",""2025-03-20T02:23:57.603825Z"",782,5.334,""Not Online Gambling Promotion"",""2025-03-20T02:23:57.603825Z"",""26BvH8U7PHA"",""Sedih banget.. ðŸ˜­ï¿¼"""
"788,""1"",""Willy make shemagh pake peci"",""2025-03-20T02:23:59.944187Z"",783,1.672,""Not Online Gambling Promotion"",""2025-03-20T02:23:59.944187Z"",""26BvH8U7PHA"",""Sedih banget.. ðŸ˜­ï¿¼"""
"789,""1"",""L tiktok in the chat"",""2025-03-20T02:24:04.072748Z"",784,3.36,""Not Online Gambling Promotion"",""2025-03-20T02:24:04.072748Z"",""26BvH8U7PHA"",""Sedih banget.. ðŸ˜­ï¿¼"""
"790,""1"",""kak wili"",""2025-03-20T02:24:06.314212Z"",785,1.238,""Not Online Gambling Promotion"",""2025-03-20T02:24:06.314212Z"",""26BvH8U7PHA"",""Sedih banget.. ðŸ˜­ï¿¼"""
"791,""1"",""Kakwilisabar"",""2025-03-20T02:24:08.158229Z"",786,1.067,""Not Online Gambling Promotion"",""2025-03-20T02:24:08.158229Z"",""26BvH8U7PHA"",""Sedih banget.. ðŸ˜­ï¿¼"""
"792,""1"",""Sabar adik wilie hikmah nya"",""2025-03-20T02:24:10.159872Z"",787,1.342,""Not Online Gambling Promotion"",""2025-03-20T02:24:10.159872Z"",""26BvH8U7PHA"",""Sedih banget.. ðŸ˜­ï¿¼"""
"793,""1"",""Tiktok aneh arus ranting 00010 Tiktok stres Tiktok anj Tiktok"",""2025-03-20T02:24:14.373019Z"",788,3.578,""Not Online Gambling Promotion"",""2025-03-20T02:24:14.373019Z"",""26BvH8U7PHA"",""Sedih banget.. ðŸ˜­ï¿¼"""
"794,""1"",""Yang sabar ya bang Willie semangat ayo bang GK sedih semangat ya bang"",""2025-03-20T02:24:16.156804Z"",789,1.219,""Not Online Gambling Promotion"",""2025-03-20T02:24:16.156804Z"",""26BvH8U7PHA"",""Sedih banget.. ðŸ˜­ï¿¼"""
"795,""1"",""Tiktok gajelas kek kont mending hapus ajah riles tu namanya tiktok titok tiktok gada otak plaggaran gjls ma3n blok gitu ajah sumpah kesel bet deh sabar ya kak willy"",""2025-03-20T02:24:25.090568Z"",790,8.395,""Not Online Gambling Promotion"",""2025-03-20T02:24:25.090568Z"",""26BvH8U7PHA"",""Sedih banget.. ðŸ˜­ï¿¼"""
"796,""1"",""Kasian blokir"",""2025-03-20T02:24:26.842830Z"",791,1.132,""Not Online Gambling Promotion"",""2025-03-20T02:24:26.842830Z"",""26BvH8U7PHA"",""Sedih banget.. ðŸ˜­ï¿¼"""
"797,""1"",""Yang sabar ya bang willie Tiktok babi"",""2025-03-20T02:24:28.653862Z"",792,1.258,""Not Online Gambling Promotion"",""2025-03-20T02:24:28.653862Z"",""26BvH8U7PHA"",""Sedih banget.. ðŸ˜­ï¿¼"""
"798,""1"",""Sabarya Puasaloh"",""2025-03-20T02:24:30.043551Z"",793,0.855,""Not Online Gambling Promotion"",""2025-03-20T02:24:30.043551Z"",""26BvH8U7PHA"",""Sedih banget.. ðŸ˜­ï¿¼"""
"799,""1"",""Sabar ya ka wilie"",""2025-03-20T02:24:31.650812Z"",794,1.018,""Not Online Gambling Promotion"",""2025-03-20T02:24:31.650812Z"",""26BvH8U7PHA"",""Sedih banget.. ðŸ˜­ï¿¼"""
"800,""1"",""Aku like semoga umur ya amin"",""2025-03-20T02:24:33.044592Z"",795,0.798,""Not Online Gambling Promotion"",""2025-03-20T02:24:33.044592Z"",""26BvH8U7PHA"",""Sedih banget.. ðŸ˜­ï¿¼"""
"801,""1"",""Yang sabar ya kak wieli Orang"",""2025-03-20T02:24:34.528126Z"",796,0.956,""Not Online Gambling Promotion"",""2025-03-20T02:24:34.528126Z"",""26BvH8U7PHA"",""Sedih banget.. ðŸ˜­ï¿¼"""
"802,""1"",""itukan mesjid kota berlian tinggal situ"",""2025-03-20T02:24:37.656101Z"",797,2.469,""Not Online Gambling Promotion"",""2025-03-20T02:24:37.656101Z"",""26BvH8U7PHA"",""Sedih banget.. ðŸ˜­ï¿¼"""
"803,""1"",""Semangat kak wil pantang menyerah semangat"",""2025-03-20T02:24:39.933201Z"",798,1.674,""Not Online Gambling Promotion"",""2025-03-20T02:24:39.933201Z"",""26BvH8U7PHA"",""Sedih banget.. ðŸ˜­ï¿¼"""
"804,""1"",""Yang sabar ya kak wille salim Mungkin tiktok tu bodoh kak wille nggak boong"",""2025-03-20T02:24:42.759917Z"",799,2.23,""Not Online Gambling Promotion"",""2025-03-20T02:24:42.759917Z"",""26BvH8U7PHA"",""Sedih banget.. ðŸ˜­ï¿¼"""
"805,""1"",""Tiktoknya jahat bgt sumpahkak eillie sampek nangisyg sabar ya kak williesemoga aja pihaj tiktok nge lihat video kak willie yg iniaamiinnn"",""2025-03-20T02:24:46.499615Z"",800,3.196,""Not Online Gambling Promotion"",""2025-03-20T02:24:46.499615Z"",""26BvH8U7PHA"",""Sedih banget.. ðŸ˜­ï¿¼"""
