video_id,video_title,comment,label
Yx4w92z_KDM,ICE CREAM KOPI,Aku Aus,No Online Gambling Promotion
Yx4w92z_KDM,ICE CREAM KOPI,Eh ga puasa,No Online Gambling Promotion
Yx4w92z_KDM,ICE CREAM KOPI,mukanya kek garnacho,No Online Gambling Promotion
Yx4w92z_KDM,ICE CREAM KOPI,Kirain mamanya tufel,No Online Gambling Promotion
Yx4w92z_KDM,ICE CREAM KOPI,Teteh lucu pisan,No Online Gambling Promotion
Yx4w92z_KDM,ICE CREAM KOPI,manis,No Online Gambling Promotion
Yx4w92z_KDM,ICE CREAM KOPI,Minuman namanya es cokelat anget,No Online Gambling Promotion
Yx4w92z_KDM,ICE CREAM KOPI,Ya Allah puasa dikasihi,No Online Gambling Promotion
Yx4w92z_KDM,ICE CREAM KOPI,Kak puasa Jadinya kepengen,No Online Gambling Promotion
Yx4w92z_KDM,ICE CREAM KOPI,Air nya kebanyakan ga manis,No Online Gambling Promotion
Yx4w92z_KDM,ICE CREAM KOPI,Nicee,ERROR
Yx4w92z_KDM,ICE CREAM KOPI,Hahaahahahha pas meletoy nya lucu,No Online Gambling Promotion
Yx4w92z_KDM,ICE CREAM KOPI,Kurang gede gelas nya,No Online Gambling Promotion
Yx4w92z_KDM,ICE CREAM KOPI,Sudah kuduga manis,No Online Gambling Promotion
Yx4w92z_KDM,ICE CREAM KOPI,Sabar aja pas bilang YA ALLAH slay aja ok,"slay aja ok, No Online Gambling Promotion"
Yx4w92z_KDM,ICE CREAM KOPI,Kurang manis gelasnya kegedean mbaa,No Online Gambling Promotion
Yx4w92z_KDM,ICE CREAM KOPI,Lagi puasa,No Online Gambling Promotion
Yx4w92z_KDM,ICE CREAM KOPI,Fyp pas ditengah puasa Mantapp,No Online Gambling Promotion
Yx4w92z_KDM,ICE CREAM KOPI,Harusnya kasih gula,No Online Gambling Promotion
Yx4w92z_KDM,ICE CREAM KOPI,Inikan puasa,No Online Gambling Promotion
Yx4w92z_KDM,ICE CREAM KOPI,Enk banget pas bilang aduh meleot cuy,Online Gambling Promotion
Yx4w92z_KDM,ICE CREAM KOPI,contohnya pake gelas ukuran normal buatnya pake gelas ukuran jumbo,"buatnya pake gelas ukuran jumbo, No Online Gambling Promotion"
Yx4w92z_KDM,ICE CREAM KOPI,Ngakak nya pas bilang meleyot cuy,No Online Gambling Promotion
Yx4w92z_KDM,ICE CREAM KOPI,Emily Armstrong mode syariah,No Online Gambling Promotion
Yx4w92z_KDM,ICE CREAM KOPI,Baru kali liat bule cwek wajahnya kayak,No Online Gambling Promotion
Yx4w92z_KDM,ICE CREAM KOPI,Sabar bre maghrib nya,No Online Gambling Promotion
Yx4w92z_KDM,ICE CREAM KOPI,Kebanyakan airnya,No Online Gambling Promotion
Yx4w92z_KDM,ICE CREAM KOPI,Huhu kurng manisssalah gelas maah,No Online Gambling Promotion
Yx4w92z_KDM,ICE CREAM KOPI,suka bgt ni bule,No Online Gambling Promotion
Yx4w92z_KDM,ICE CREAM KOPI,Singkat padat mains,No Online Gambling Promotion
Yx4w92z_KDM,ICE CREAM KOPI,engak puasa ya,No Online Gambling Promotion
Yx4w92z_KDM,ICE CREAM KOPI,Plastik plus hot water Nice you have eating poison,No Online Gambling Promotion
Yx4w92z_KDM,ICE CREAM KOPI,Tak puasa,No Online Gambling Promotion
Yx4w92z_KDM,ICE CREAM KOPI,Siapa yg nonton pas puasa,No Online Gambling Promotion
Yx4w92z_KDM,ICE CREAM KOPI,Gelasnya kegedean,No Online Gambling Promotion
Yx4w92z_KDM,ICE CREAM KOPI,Kebnayakan air,No Online Gambling Promotion
Yx4w92z_KDM,ICE CREAM KOPI,puasa nontonnya siang,No Online Gambling Promotion
Yx4w92z_KDM,ICE CREAM KOPI,Ya allahhhh she say,No Online Gambling Promotion
Yx4w92z_KDM,ICE CREAM KOPI,Aku nontonya pas puasa,No Online Gambling Promotion
Yx4w92z_KDM,ICE CREAM KOPI,Meleyot cuyyyyy,No Online Gambling Promotion
Yx4w92z_KDM,ICE CREAM KOPI,Ya Allah gelas legend,No Online Gambling Promotion
Yx4w92z_KDM,ICE CREAM KOPI,Ini tetangga Udah icip manis dikasih tetangga,No Online Gambling Promotion
Yx4w92z_KDM,ICE CREAM KOPI,Ini tetangga beb,"tetangga beb, No Online Gambling Promotion"
Yx4w92z_KDM,ICE CREAM KOPI,that ice cream magnum pls boikot,No Online Gambling Promotion
Yx4w92z_KDM,ICE CREAM KOPI,Kegedean gelasnya well,No Online Gambling Promotion
Yx4w92z_KDM,ICE CREAM KOPI,dingin panas dinginauto Anyang ayangn,No Online Gambling Promotion
Yx4w92z_KDM,ICE CREAM KOPI,Gelas thanos,No Online Gambling Promotion
Yx4w92z_KDM,ICE CREAM KOPI,Diabetes tipe 10 manis hadeeeehhhh,No Online Gambling Promotion
Yx4w92z_KDM,ICE CREAM KOPI,Jir gelas,No Online Gambling Promotion
Yx4w92z_KDM,ICE CREAM KOPI,Tadi siang ketemu mas agus sma mba viola Beda bngt d youtube sma asliyjauh lbh cntik aslinya lho mba viola,No Online Gambling Promotion
Yx4w92z_KDM,ICE CREAM KOPI,Yang nonton nya puasa ngumpul ya,No Online Gambling Promotion
Yx4w92z_KDM,ICE CREAM KOPI,mleot coyy,No Online Gambling Promotion
Yx4w92z_KDM,ICE CREAM KOPI,Cek komposisi es cream nya es cream yg bahan babi alias non halal,No Online Gambling Promotion
Yx4w92z_KDM,ICE CREAM KOPI,Gelasss nya ya Allah krang gde gx tuh hhhh,No Online Gambling Promotion
Yx4w92z_KDM,ICE CREAM KOPI,Isakalmumi,No Online Gambling Promotion
Yx4w92z_KDM,ICE CREAM KOPI,Aku pikir name dark USA Dari Indonesia,ERROR
Yx4w92z_KDM,ICE CREAM KOPI,Minuman beracun,No Online Gambling Promotion
Yx4w92z_KDM,ICE CREAM KOPI,YA Aallaaaaaaah,No Online Gambling Promotion
Yx4w92z_KDM,ICE CREAM KOPI,KAK MARSMELLOWNYA YG HALAL KAN RATA2 MENGANDUNG BABI LHO KAK,No Online Gambling Promotion
Yx4w92z_KDM,ICE CREAM KOPI,Wkwkwk,No Online Gambling Promotion
Yx4w92z_KDM,ICE CREAM KOPI,Waduh meleot guys sumpah ketawa,No Online Gambling Promotion
Yx4w92z_KDM,ICE CREAM KOPI,Massay Allah kayanya enak,No Online Gambling Promotion
Yx4w92z_KDM,ICE CREAM KOPI,Kukira bule bulek,No Online Gambling Promotion
Yx4w92z_KDM,ICE CREAM KOPI,Sudah tercampur orang indo,No Online Gambling Promotion
Yx4w92z_KDM,ICE CREAM KOPI,Experiment kaya gitu,No Online Gambling Promotion
Yx4w92z_KDM,ICE CREAM KOPI,Cocok banget buka puasa,No Online Gambling Promotion
Yx4w92z_KDM,ICE CREAM KOPI,Lagi puasa hadeuuhh,No Online Gambling Promotion
Yx4w92z_KDM,ICE CREAM KOPI,Mantap kak,No Online Gambling Promotion
Yx4w92z_KDM,ICE CREAM KOPI,gelasnya kegedean atuh bubda,No Online Gambling Promotion
Yx4w92z_KDM,ICE CREAM KOPI,tk orng luarr pas ngomong aduh meleyot woi bru ngeh,No Online Gambling Promotion
Yx4w92z_KDM,ICE CREAM KOPI,Kata meleot cuyngakak abis,No Online Gambling Promotion
Yx4w92z_KDM,ICE CREAM KOPI,Bule masak Bule bikin jus ketawa,No Online Gambling Promotion
Yx4w92z_KDM,ICE CREAM KOPI,Diawali keribetan tengahi penuh kesabaran Kurang manis,No Online Gambling Promotion
Yx4w92z_KDM,ICE CREAM KOPI,Kegedean gelasnya,No Online Gambling Promotion
Yx4w92z_KDM,ICE CREAM KOPI,Buka,ERROR
Yx4w92z_KDM,ICE CREAM KOPI,haduh puasa,No Online Gambling Promotion
Yx4w92z_KDM,ICE CREAM KOPI,Gokil mug nya,No Online Gambling Promotion
Yx4w92z_KDM,ICE CREAM KOPI,Malah kaaih tetangga,No Online Gambling Promotion
Yx4w92z_KDM,ICE CREAM KOPI,Manis banget,No Online Gambling Promotion
Yx4w92z_KDM,ICE CREAM KOPI,Singkat Kurang Manis,ERROR
Yx4w92z_KDM,ICE CREAM KOPI,Kenapa nontonnya pas puasa yaa,No Online Gambling Promotion
Yx4w92z_KDM,ICE CREAM KOPI,Gelasnyaa kegedean,No Online Gambling Promotion
Yx4w92z_KDM,ICE CREAM KOPI,Dg takaran bahan ukuran gelas menentukan,No Online Gambling Promotion
Yx4w92z_KDM,ICE CREAM KOPI,gelasnya kayak akuu semenjak beliau pulang gelasnya ilang,No Online Gambling Promotion
Yx4w92z_KDM,ICE CREAM KOPI,Ayo sebentarlagi,No Online Gambling Promotion
Yx4w92z_KDM,ICE CREAM KOPI,lucu pas mbak nya bilang yaaaaa alahhhhhhhhhh,No Online Gambling Promotion
Yx4w92z_KDM,ICE CREAM KOPI,Itu karna air panasnya kebanyakan,No Online Gambling Promotion
Yx4w92z_KDM,ICE CREAM KOPI,jgn taruh air panas botol Aqua byk mikroplastik terlarut minuman,No Online Gambling Promotion
Yx4w92z_KDM,ICE CREAM KOPI,Kapan ya adzan Maghrib,No Online Gambling Promotion
Yx4w92z_KDM,ICE CREAM KOPI,Cara mendelik segitiga nya gimana bang,No Online Gambling Promotion
Yx4w92z_KDM,ICE CREAM KOPI,Wah dicoba nih makasih,"makasih, No Online Gambling Promotion"
Yx4w92z_KDM,ICE CREAM KOPI,Mba bule gak puasa ya,No Online Gambling Promotion
Yx4w92z_KDM,ICE CREAM KOPI,Puasa We,ERROR
Yx4w92z_KDM,ICE CREAM KOPI,Astaga puasa lihat,No Online Gambling Promotion
Yx4w92z_KDM,ICE CREAM KOPI,puasa ya allah liat ginian,"lihat ginian, No Online Gambling Promotion"
Yx4w92z_KDM,ICE CREAM KOPI,Udh Indonesia x,No Online Gambling Promotion
Yx4w92z_KDM,ICE CREAM KOPI,Gelas kakak kaya akuuuu,No Online Gambling Promotion
Yx4w92z_KDM,ICE CREAM KOPI,Tahan ya Allah puasa,No Online Gambling Promotion
Yx4w92z_KDM,ICE CREAM KOPI,Ampir dalgona 2020,No Online Gambling Promotion
Yx4w92z_KDM,ICE CREAM KOPI,Good luck and girl,No Online Gambling Promotion
Yx4w92z_KDM,ICE CREAM KOPI,Kurang manis iya gelas udah kayak drum,No Online Gambling Promotion
Yx4w92z_KDM,ICE CREAM KOPI,Kekuatan emak,No Online Gambling Promotion
Yx4w92z_KDM,ICE CREAM KOPI,That mashaallah make me subscribe you,ERROR
Yx4w92z_KDM,ICE CREAM KOPI,Besar banget,ERROR
Yx4w92z_KDM,ICE CREAM KOPI,kirain org sebelom kakak bilang meleyot cuy,No Online Gambling Promotion
Yx4w92z_KDM,ICE CREAM KOPI,godaan puasa jam 1 pas,No Online Gambling Promotion
Yx4w92z_KDM,ICE CREAM KOPI,gelasnya kegedean bun yg dicontoh ukuran setengahnya,No Online Gambling Promotion
Yx4w92z_KDM,ICE CREAM KOPI,Woi puasa ek,No Online Gambling Promotion
Yx4w92z_KDM,ICE CREAM KOPI,Enggak puasa,No Online Gambling Promotion
Yx4w92z_KDM,ICE CREAM KOPI,Nampak sedap,ERROR
Yx4w92z_KDM,ICE CREAM KOPI,Kurang manis pake gelas jumbo,No Online Gambling Promotion
Yx4w92z_KDM,ICE CREAM KOPI,Itu ekpresi gw bnget,No Online Gambling Promotion
Yx4w92z_KDM,ICE CREAM KOPI,Pasti nonton nya pas puasa,No Online Gambling Promotion
Yx4w92z_KDM,ICE CREAM KOPI,WaDuH BlEoK NiH,No Online Gambling Promotion
Yx4w92z_KDM,ICE CREAM KOPI,Buk puasa ya,No Online Gambling Promotion
Yx4w92z_KDM,ICE CREAM KOPI,Kurang manis,ERROR
Yx4w92z_KDM,ICE CREAM KOPI,Ih nggak puasa ih,No Online Gambling Promotion
Yx4w92z_KDM,ICE CREAM KOPI,Gelasnya kayak ku,No Online Gambling Promotion
Yx4w92z_KDM,ICE CREAM KOPI,Minuman panas plastik kesehatan,No Online Gambling Promotion
Yx4w92z_KDM,ICE CREAM KOPI,Puasa oi,No Online Gambling Promotion
Yx4w92z_KDM,ICE CREAM KOPI,Ihh puasa,No Online Gambling Promotion
Yx4w92z_KDM,ICE CREAM KOPI,Diabetes meronta ronta,No Online Gambling Promotion
Yx4w92z_KDM,ICE CREAM KOPI,Aku ngiler,No Online Gambling Promotion
Yx4w92z_KDM,ICE CREAM KOPI,Buat buka puasa kali yak,No Online Gambling Promotion
Yx4w92z_KDM,ICE CREAM KOPI,Ya allah cobaan puasa,No Online Gambling Promotion
Yx4w92z_KDM,ICE CREAM KOPI,Waduhh meleyot coyyy,No Online Gambling Promotion
Yx4w92z_KDM,ICE CREAM KOPI,Mbk say ribet enak gk tuh klo mntapp tiru,"ga tahu kalo mintap tiru, No Online Gambling Promotion"
Yx4w92z_KDM,ICE CREAM KOPI,Iseng,No Online Gambling Promotion
Yx4w92z_KDM,ICE CREAM KOPI,agama nya apah islam keristen,No Online Gambling Promotion
Yx4w92z_KDM,ICE CREAM KOPI,Air panasnya kebnyakan,No Online Gambling Promotion
Yx4w92z_KDM,ICE CREAM KOPI,Gelas nya samaan,No Online Gambling Promotion
Yx4w92z_KDM,ICE CREAM KOPI,Jgn bandel2 prabotan ntar banting loo,No Online Gambling Promotion
Yx4w92z_KDM,ICE CREAM KOPI,LUCU BANGET sehat sehat tante,No Online Gambling Promotion
Yx4w92z_KDM,ICE CREAM KOPI,Itu malaysia indonesia,ERROR
Yx4w92z_KDM,ICE CREAM KOPI,Aduh meleeoot coy yaallah ketawa ngakak,No Online Gambling Promotion
Yx4w92z_KDM,ICE CREAM KOPI,Gelasnya kegedean,No Online Gambling Promotion
Yx4w92z_KDM,ICE CREAM KOPI,Meleyot coy,No Online Gambling Promotion
Yx4w92z_KDM,ICE CREAM KOPI,gelas segede gaban wkwkw,No Online Gambling Promotion
Yx4w92z_KDM,ICE CREAM KOPI,Melok Cuy,No Online Gambling Promotion
Yx4w92z_KDM,ICE CREAM KOPI,Diabetes bilek dikit lgi login kah,No Online Gambling Promotion
Yx4w92z_KDM,ICE CREAM KOPI,Kak info Botol plastik dimasukin air panas mendidih Kenapa Ya namanya plastik loh mas gampang kebakarmeleleh,"Kenapa ya namanya plastik loh mudah kebakaran meledih, No Online Gambling Promotion"
Yx4w92z_KDM,ICE CREAM KOPI,Ngakak bgt pas meleyot,No Online Gambling Promotion
Yx4w92z_KDM,ICE CREAM KOPI,Ko beda ya warnanya beda eskrim,"jadi tidak dapat disebutkan sebagai Online Gambling Promotion.Ko beda ya warnanya beda eskrim, No Online Gam"
Yx4w92z_KDM,ICE CREAM KOPI,air cokal,No Online Gambling Promotion
Yx4w92z_KDM,ICE CREAM KOPI,Wtf meleot coyyy,No Online Gambling Promotion
Yx4w92z_KDM,ICE CREAM KOPI,Akak akak orang Indonesia ya,No Online Gambling Promotion
Yx4w92z_KDM,ICE CREAM KOPI,Bu Agus Lapar bu,No Online Gambling Promotion
Yx4w92z_KDM,ICE CREAM KOPI,Okay tu minum,"tu minum, No Online Gambling Promotion"
Yx4w92z_KDM,ICE CREAM KOPI,Macam sedap je,ERROR
Yx4w92z_KDM,ICE CREAM KOPI,Sigma banget ya mbak,ERROR
Yx4w92z_KDM,ICE CREAM KOPI,Waduh meleot coy,No Online Gambling Promotion
Yx4w92z_KDM,ICE CREAM KOPI,Ice cream kopi denger,No Online Gambling Promotion
Yx4w92z_KDM,ICE CREAM KOPI,Enak Diabetes,No Online Gambling Promotion
Yx4w92z_KDM,ICE CREAM KOPI,Cuba makanan Malaysia sedaap,No Online Gambling Promotion
Yx4w92z_KDM,ICE CREAM KOPI,Kurang manis Tengok dah tau manis,"Tengok dah tau manis, No Online Gambling Promotion"
Yx4w92z_KDM,ICE CREAM KOPI,1 Foto Ketuk 2x,No Online Gambling Promotion
Yx4w92z_KDM,ICE CREAM KOPI,Akak maafin kalo kasar puasa,No Online Gambling Promotion
Yx4w92z_KDM,ICE CREAM KOPI,Kurang manis Ini tetangga,No Online Gambling Promotion
Yx4w92z_KDM,ICE CREAM KOPI,Kurang manis krn kebnykan air pas es krim diksh air panas mgkn kopi kopi tnp gula,No Online Gambling Promotion
Yx4w92z_KDM,ICE CREAM KOPI,Kyaknya air panasnya kebanyakan,No Online Gambling Promotion
Yx4w92z_KDM,ICE CREAM KOPI,Airnya kebanyakan buk maniss,No Online Gambling Promotion
Yx4w92z_KDM,ICE CREAM KOPI,Kebingungan ku cowo pake krudung cewe bermuka cowo,No Online Gambling Promotion
Yx4w92z_KDM,ICE CREAM KOPI,ett dah Ribet,No Online Gambling Promotion
Yx4w92z_KDM,ICE CREAM KOPI,Sial,ERROR
Yx4w92z_KDM,ICE CREAM KOPI,Gelas legend ituuu,No Online Gambling Promotion
Yx4w92z_KDM,ICE CREAM KOPI,Jiwa indo nya melekat,No Online Gambling Promotion
Yx4w92z_KDM,ICE CREAM KOPI,Buat tetangga,ERROR
Yx4w92z_KDM,ICE CREAM KOPI,Koq keliatan seger yak,No Online Gambling Promotion
Yx4w92z_KDM,ICE CREAM KOPI,Yapun puasa kak,No Online Gambling Promotion
Yx4w92z_KDM,ICE CREAM KOPI,ahhhh manis,No Online Gambling Promotion
Yx4w92z_KDM,ICE CREAM KOPI,meleyot coi,No Online Gambling Promotion
Yx4w92z_KDM,ICE CREAM KOPI,Lewat pas puasa,No Online Gambling Promotion
Yx4w92z_KDM,ICE CREAM KOPI,Gelasnya bund dikit udah teko,No Online Gambling Promotion
Yx4w92z_KDM,ICE CREAM KOPI,Waduhberapa kalori tuch,No Online Gambling Promotion
Yx4w92z_KDM,ICE CREAM KOPI,Ahhhhhhh manissss,"manis, No Online Gambling Promotion"
Yx4w92z_KDM,ICE CREAM KOPI,Itu gelasnya gede kak,No Online Gambling Promotion
Yx4w92z_KDM,ICE CREAM KOPI,Tak puasa,No Online Gambling Promotion
Yx4w92z_KDM,ICE CREAM KOPI,Jaga aurat ye hehhe MashaAllah btw kontennnya mntpp MashaAllah,No Online Gambling Promotion
Yx4w92z_KDM,ICE CREAM KOPI,Gmn ga manis yg contoh aja gelasnya standar lahh teteh viola pke gelas jintomang ga manis,No Online Gambling Promotion
Yx4w92z_KDM,ICE CREAM KOPI,Saya pecinta es krim TYDAAAK RELAAAA,No Online Gambling Promotion
Yx4w92z_KDM,ICE CREAM KOPI,Candu banget ya Allahhh,No Online Gambling Promotion
Yx4w92z_KDM,ICE CREAM KOPI,Sugar bomb wkwk,No Online Gambling Promotion
Yx4w92z_KDM,ICE CREAM KOPI,wait tot bf for hajj sarb ha kahji takjil kah hhbcc,"takjil kah hhbcc, No Online Gambling Promotion"
Yx4w92z_KDM,ICE CREAM KOPI,puasa woiii,No Online Gambling Promotion
Yx4w92z_KDM,ICE CREAM KOPI,Tak puasee,No Online Gambling Promotion
Yx4w92z_KDM,ICE CREAM KOPI,Lagi puasa,No Online Gambling Promotion
Yx4w92z_KDM,ICE CREAM KOPI,Kegedean gelasnya mba sis,No Online Gambling Promotion
Yx4w92z_KDM,ICE CREAM KOPI,bayangin total gulanya,No Online Gambling Promotion
Yx4w92z_KDM,ICE CREAM KOPI,ya Allah aduh meleyot cuy candu bet wkwk,No Online Gambling Promotion
Yx4w92z_KDM,ICE CREAM KOPI,Tim liat puasa,No Online Gambling Promotion
Yx4w92z_KDM,ICE CREAM KOPI,Gelas mak indo bangett wkk,No Online Gambling Promotion
Yx4w92z_KDM,ICE CREAM KOPI,Dia laki2 dipakein hijab,No Online Gambling Promotion
Yx4w92z_KDM,ICE CREAM KOPI,Bu gapuasa,No Online Gambling Promotion
Yx4w92z_KDM,ICE CREAM KOPI,Gelas e kebesaran,No Online Gambling Promotion
Yx4w92z_KDM,ICE CREAM KOPI,orang yak,No Online Gambling Promotion
Yx4w92z_KDM,ICE CREAM KOPI,Enak dongg,No Online Gambling Promotion
Yx4w92z_KDM,ICE CREAM KOPI,anjayyyyy meleyot coyyyy hahahaha udh tau air panas yah meleleh mbaeeeee,No Online Gambling Promotion
Yx4w92z_KDM,ICE CREAM KOPI,Bulan puasa jugak muncul,No Online Gambling Promotion
Yx4w92z_KDM,ICE CREAM KOPI,Ya Allah puasa aja fyp kayak Gini,No Online Gambling Promotion
Yx4w92z_KDM,ICE CREAM KOPI,Bahasa cerbonne metu,No Online Gambling Promotion
Yx4w92z_KDM,ICE CREAM KOPI,Aku puasa loh kak,No Online Gambling Promotion
Yx4w92z_KDM,ICE CREAM KOPI,Kurang manis mantab,No Online Gambling Promotion
Yx4w92z_KDM,ICE CREAM KOPI,Mak mak be like,ERROR
Yx4w92z_KDM,ICE CREAM KOPI,bule islam akujuga islam loh,No Online Gambling Promotion
Yx4w92z_KDM,ICE CREAM KOPI,berfet,No Online Gambling Promotion
Yx4w92z_KDM,ICE CREAM KOPI,puasa kak,No Online Gambling Promotion
Yx4w92z_KDM,ICE CREAM KOPI,Waduuh puasa Pasti enaaak banget deh,No Online Gambling Promotion
Yx4w92z_KDM,ICE CREAM KOPI,Sudah melokal sy ketemu vlog pas awal2 kuliah 2019 4,No Online Gambling Promotion
Yx4w92z_KDM,ICE CREAM KOPI,Itu pake tenaga dalem ya nyampe bengkok gitu botolnya,"nampel bengkok itu botolnya, No Online Gambling Promotion"
Yx4w92z_KDM,ICE CREAM KOPI,Ya Allah puasa lo,No Online Gambling Promotion
Yx4w92z_KDM,ICE CREAM KOPI,Yang puasa,No Online Gambling Promotion
Yx4w92z_KDM,ICE CREAM KOPI,Gelasnya kegedean mooms,No Online Gambling Promotion
Yx4w92z_KDM,ICE CREAM KOPI,Jelas manis kebnyakan air panasnya pas tuang es krim,No Online Gambling Promotion
Yx4w92z_KDM,ICE CREAM KOPI,gelasnya kegedean,No Online Gambling Promotion
Yx4w92z_KDM,ICE CREAM KOPI,Enak mba,No Online Gambling Promotion
Yx4w92z_KDM,ICE CREAM KOPI,Kurang manis air panasnya kebanyakan ka vio,No Online Gambling Promotion
Yx4w92z_KDM,ICE CREAM KOPI,kebesaran gelas nya,No Online Gambling Promotion
Yx4w92z_KDM,ICE CREAM KOPI,Meleok coy,No Online Gambling Promotion
Yx4w92z_KDM,ICE CREAM KOPI,Gmn puasanya bunn,No Online Gambling Promotion
Yx4w92z_KDM,ICE CREAM KOPI,Saya berpuasa,ERROR
Yx4w92z_KDM,ICE CREAM KOPI,Assalamualaikum Kak Kaka aslinya orang,ERROR
Yx4w92z_KDM,ICE CREAM KOPI,Maghrib yahhh udah haus banget nih,No Online Gambling Promotion
Yx4w92z_KDM,ICE CREAM KOPI,halo bule,No Online Gambling Promotion
Yx4w92z_KDM,ICE CREAM KOPI,Ini tetangga beb,ERROR
Yx4w92z_KDM,ICE CREAM KOPI,aja mbak vio ditambahin milo muantep ituu,No Online Gambling Promotion
Yx4w92z_KDM,ICE CREAM KOPI,Ya Allah,ERROR
Yx4w92z_KDM,ICE CREAM KOPI,Busyeeeh gelas mbahku,No Online Gambling Promotion
Yx4w92z_KDM,ICE CREAM KOPI,Itu kebanyakan air panas nya teehh ga manis wkwk,No Online Gambling Promotion
Yx4w92z_KDM,ICE CREAM KOPI,Yaiyalah gelasnya kegedean,No Online Gambling Promotion
Yx4w92z_KDM,ICE CREAM KOPI,Susahnya nak minum kopi,No Online Gambling Promotion
Yx4w92z_KDM,ICE CREAM KOPI,gua puasa cuyyyyy,No Online Gambling Promotion
Yx4w92z_KDM,ICE CREAM KOPI,manis lgs lempar tetangga ya mba,"Mba, No Online Gambling Promotion"
Yx4w92z_KDM,ICE CREAM KOPI,Yak owohhhh,No Online Gambling Promotion
Yx4w92z_KDM,ICE CREAM KOPI,puasa,No Online Gambling Promotion
Yx4w92z_KDM,ICE CREAM KOPI,Napa dah nemu ni vid pas puasa,No Online Gambling Promotion
Yx4w92z_KDM,ICE CREAM KOPI,Meleyot,No Online Gambling Promotion
Yx4w92z_KDM,ICE CREAM KOPI,Sudah kuduga manis Karna airnya kebanyakan,No Online Gambling Promotion
Yx4w92z_KDM,ICE CREAM KOPI,Pas puasa banget nih ketemu nya,No Online Gambling Promotion
Yx4w92z_KDM,ICE CREAM KOPI,tetangganya gak bosen,No Online Gambling Promotion
Yx4w92z_KDM,ICE CREAM KOPI,Gw yg gak sengaja lihat dijam 1247,No Online Gambling Promotion
Yx4w92z_KDM,ICE CREAM KOPI,Orang puasa mala es,No Online Gambling Promotion
Yx4w92z_KDM,ICE CREAM KOPI,Ini tetangga diseruput,No Online Gambling Promotion
Yx4w92z_KDM,ICE CREAM KOPI,iii puasa,No Online Gambling Promotion
Yx4w92z_KDM,ICE CREAM KOPI,Pas banget nontonnya pas puasa,No Online Gambling Promotion
Yx4w92z_KDM,ICE CREAM KOPI,Ya allah puasa bu,No Online Gambling Promotion
Yx4w92z_KDM,ICE CREAM KOPI,udah emak emak indonesia banget YaAllaaaaaaaah,No Online Gambling Promotion
Yx4w92z_KDM,ICE CREAM KOPI,Gelasnya,No Online Gambling Promotion
Yx4w92z_KDM,ICE CREAM KOPI,yg liat pas puasa belike,No Online Gambling Promotion
Yx4w92z_KDM,ICE CREAM KOPI,Tak puaseee yeee,Online Gambling Promotion
Yx4w92z_KDM,ICE CREAM KOPI,Puasa woi,No Online Gambling Promotion
Yx4w92z_KDM,ICE CREAM KOPI,Gelas keramat njir Jaman baheula bngt,No Online Gambling Promotion
Yx4w92z_KDM,ICE CREAM KOPI,Puasa,No Online Gambling Promotion
Yx4w92z_KDM,ICE CREAM KOPI,Aneh bngt mukanya pake kerudung,No Online Gambling Promotion
Yx4w92z_KDM,ICE CREAM KOPI,REAL MADRID LLimabelas UCL,No Online Gambling Promotion
Yx4w92z_KDM,ICE CREAM KOPI,Yg kasih ya mbak viola,No Online Gambling Promotion
Yx4w92z_KDM,ICE CREAM KOPI,Gelasnya indo Hahaaaa,No Online Gambling Promotion
Yx4w92z_KDM,ICE CREAM KOPI,Ini tetangga beb,No Online Gambling Promotion
Yx4w92z_KDM,ICE CREAM KOPI,Bule Islam coyy,No Online Gambling Promotion
Yx4w92z_KDM,ICE CREAM KOPI,2025 liat bule getokin es batu,No Online Gambling Promotion
Yx4w92z_KDM,ICE CREAM KOPI,Aku puasa,ERROR
Yx4w92z_KDM,ICE CREAM KOPI,bisany muncul pas lgi puasa,No Online Gambling Promotion
Yx4w92z_KDM,ICE CREAM KOPI,Gelasnya samaan bjir,No Online Gambling Promotion
Yx4w92z_KDM,ICE CREAM KOPI,Gelasnya kebesaran Jadi manis,No Online Gambling Promotion
Yx4w92z_KDM,ICE CREAM KOPI,puasa Wow,No Online Gambling Promotion
Yx4w92z_KDM,ICE CREAM KOPI,Jangankan anak minum bikin batuk,No Online Gambling Promotion
Yx4w92z_KDM,ICE CREAM KOPI,Yg puasa,No Online Gambling Promotion
Yx4w92z_KDM,ICE CREAM KOPI,Itu gelas,No Online Gambling Promotion
Yx4w92z_KDM,ICE CREAM KOPI,Mau ih,No Online Gambling Promotion
Yx4w92z_KDM,ICE CREAM KOPI,Gelasnya kegedean,No Online Gambling Promotion
Yx4w92z_KDM,ICE CREAM KOPI,Gelasnya jumbo arek kumaha rek amis atuh teh,No Online Gambling Promotion
Yx4w92z_KDM,ICE CREAM KOPI,Maaf ya puasa,No Online Gambling Promotion
Yx4w92z_KDM,ICE CREAM KOPI,puasa lo lansung ngiler,No Online Gambling Promotion
Yx4w92z_KDM,ICE CREAM KOPI,Aduh ngiler nih puasa,No Online Gambling Promotion
Yx4w92z_KDM,ICE CREAM KOPI,Udah plek ketiplek indo mas moment bilang Ya Allah,No Online Gambling Promotion
Yx4w92z_KDM,ICE CREAM KOPI,Iih puase,No Online Gambling Promotion
Yx4w92z_KDM,ICE CREAM KOPI,Tante puasa,No Online Gambling Promotion
Yx4w92z_KDM,ICE CREAM KOPI,ramadan ni nahan ni,No Online Gambling Promotion
Yx4w92z_KDM,ICE CREAM KOPI,pas kali puasaa ya allah,No Online Gambling Promotion
Yx4w92z_KDM,ICE CREAM KOPI,Ubur ubur ikan lele bikin minuman le,No Online Gambling Promotion
Yx4w92z_KDM,ICE CREAM KOPI,Puasa oi,No Online Gambling Promotion
Yx4w92z_KDM,ICE CREAM KOPI,Ni dy time2 puasa ni lh dy nk benda2 cam gini aduh lhhh tpi cam best jeee hehehe bolh try nk berbuka ni,No Online Gambling Promotion
Yx4w92z_KDM,ICE CREAM KOPI,Ini tetangga beb,No Online Gambling Promotion
Yx4w92z_KDM,ICE CREAM KOPI,Gelas nye kedegeaan coy,No Online Gambling Promotion
Yx4w92z_KDM,ICE CREAM KOPI,puasa anjr,No Online Gambling Promotion
Yx4w92z_KDM,ICE CREAM KOPI,nuansa lokal nya,No Online Gambling Promotion
Yx4w92z_KDM,ICE CREAM KOPI,Aduuhhudah nontonin kaya gini pas banget ramadhan,No Online Gambling Promotion
Yx4w92z_KDM,ICE CREAM KOPI,Waduh mleyoottKurang manisini tetangga bebh,No Online Gambling Promotion
Yx4w92z_KDM,ICE CREAM KOPI,Waduh auto diabetes,No Online Gambling Promotion
Yx4w92z_KDM,ICE CREAM KOPI,Gua puasa dodol,No Online Gambling Promotion
Yx4w92z_KDM,ICE CREAM KOPI,POV liat puasa,No Online Gambling Promotion
Yx4w92z_KDM,ICE CREAM KOPI,pas puasa,No Online Gambling Promotion
Yx4w92z_KDM,ICE CREAM KOPI,Ku orang,ERROR
Yx4w92z_KDM,ICE CREAM KOPI,Enak banget klo es magnum langsung abis ga ush tutorial mempersulit idup,No Online Gambling Promotion
Yx4w92z_KDM,ICE CREAM KOPI,Puase,No Online Gambling Promotion
Yx4w92z_KDM,ICE CREAM KOPI,Maksih kak ngehibur sehat kak,No Online Gambling Promotion
Yx4w92z_KDM,ICE CREAM KOPI,manis diabetes cokkkk,No Online Gambling Promotion
Yx4w92z_KDM,ICE CREAM KOPI,Wadoh bahasa Indonesia bulek,No Online Gambling Promotion
Yx4w92z_KDM,ICE CREAM KOPI,Kegedean gelas nya mak jd ga manis,No Online Gambling Promotion
Yx4w92z_KDM,ICE CREAM KOPI,Mantap,ERROR
Yx4w92z_KDM,ICE CREAM KOPI,Seperti dugaan penontonkurang maniss,No Online Gambling Promotion
Yx4w92z_KDM,ICE CREAM KOPI,Mak bikin menu sahur versi emak,No Online Gambling Promotion
Yx4w92z_KDM,ICE CREAM KOPI,Tetangga minum sisanya,No Online Gambling Promotion
Yx4w92z_KDM,ICE CREAM KOPI,Bist du nicht Deutscher,No Online Gambling Promotion
Yx4w92z_KDM,ICE CREAM KOPI,Es creamnya beda merk kyknya jd wrna nya jg beda And mba viola jgn masukkin aer panas dlm botol plastik bahaya bgt kesehatan,"kyknya juga berbeda. Anda mba viola jangan masukkan aer panas dalam botol plastik, Bahaya bagi kesehatan, No Online Gambling Promotion"
Yx4w92z_KDM,ICE CREAM KOPI,Keliatan warna udah beda,No Online Gambling Promotion
Yx4w92z_KDM,ICE CREAM KOPI,Gmna g manis Air panas kebanyakanes batu kebanyakankopi sekebon G seklian masukin air segalon,No Online Gambling Promotion
Yx4w92z_KDM,ICE CREAM KOPI,Spill alat getok es batunyaa kakk,No Online Gambling Promotion
Yx4w92z_KDM,ICE CREAM KOPI,Bulek,No Online Gambling Promotion
Yx4w92z_KDM,ICE CREAM KOPI,Tak sehat kimia plastiknya larut Takuttt,No Online Gambling Promotion
Yx4w92z_KDM,ICE CREAM KOPI,Beliau terkontaminasi warga lokal,No Online Gambling Promotion
Yx4w92z_KDM,ICE CREAM KOPI,Humor w sekedar liat bule ngomong Mleyot coy,No Online Gambling Promotion
Yx4w92z_KDM,ICE CREAM KOPI,Buat tetangga gak tuh,No Online Gambling Promotion
Yx4w92z_KDM,ICE CREAM KOPI,Di sekolah ku Tu 5k nama nya dalgona candy,No Online Gambling Promotion
Yx4w92z_KDM,ICE CREAM KOPI,Anj orang indo,No Online Gambling Promotion
Yx4w92z_KDM,ICE CREAM KOPI,pas bilang ya allahh vibes cewek klo dh gregetan ama,"vibes cewek klo dh gregetan, No Online Gambling Promotion"
Yx4w92z_KDM,ICE CREAM KOPI,Gelasku ooiii,No Online Gambling Promotion
Yx4w92z_KDM,ICE CREAM KOPI,enakkk,No Online Gambling Promotion
Yx4w92z_KDM,ICE CREAM KOPI,Kegedaan wadahnya takarannya pas,No Online Gambling Promotion
Yx4w92z_KDM,ICE CREAM KOPI,orang islam,No Online Gambling Promotion
Yx4w92z_KDM,ICE CREAM KOPI,woi puasa astaffirulah alazim,No Online Gambling Promotion
Yx4w92z_KDM,ICE CREAM KOPI,Like lihat nya pas puasa,No Online Gambling Promotion
Yx4w92z_KDM,ICE CREAM KOPI,WADUH MELET COY,No Online Gambling Promotion
Yx4w92z_KDM,ICE CREAM KOPI,Kebanyakan airnya mbaak,No Online Gambling Promotion
Yx4w92z_KDM,ICE CREAM KOPI,gelas nya kegedean bun jd ga manis,No Online Gambling Promotion
Yx4w92z_KDM,ICE CREAM KOPI,Ngakak bngt ama ni bulee Kyk lokal bngttt gt lhoo Tp muka nya bule,No Online Gambling Promotion
Yx4w92z_KDM,ICE CREAM KOPI,Hahahahaa,No Online Gambling Promotion
Yx4w92z_KDM,ICE CREAM KOPI,Review jujurnya bikin ketagihan,No Online Gambling Promotion
Yx4w92z_KDM,ICE CREAM KOPI,Enak tuhh,No Online Gambling Promotion
Yx4w92z_KDM,ICE CREAM KOPI,Enak tuhh,No Online Gambling Promotion
Yx4w92z_KDM,ICE CREAM KOPI,Air nya kebanyakan,No Online Gambling Promotion
Yx4w92z_KDM,ICE CREAM KOPI,Kamu jerman islam,No Online Gambling Promotion
Yx4w92z_KDM,ICE CREAM KOPI,Boti anj,No Online Gambling Promotion
Yx4w92z_KDM,ICE CREAM KOPI,Ini orang indonesia inggris aja ya,No Online Gambling Promotion
Yx4w92z_KDM,ICE CREAM KOPI,lucu,No Online Gambling Promotion
Yx4w92z_KDM,ICE CREAM KOPI,Ibu orang bule ya,ERROR
Yx4w92z_KDM,ICE CREAM KOPI,Ni tetangga beb,No Online Gambling Promotion
Yx4w92z_KDM,ICE CREAM KOPI,Aku takutnya diabetes,ERROR
Yx4w92z_KDM,ICE CREAM KOPI,Hati hati mbak tuang air panas botol mineral kemasan melelehkan plastik larut minumannya mbak terburuk menyebabkan kanker Semangat mbak,"tuang air panas botol mineral kemasan yang melelehkan plastik larut, minumannya mbak terburuk menyebabkan kanker. Semangat mbak, No Online Gambling Promotion"
Yx4w92z_KDM,ICE CREAM KOPI,ya allah ny indonesiaaa,No Online Gambling Promotion
Yx4w92z_KDM,ICE CREAM KOPI,Gelas besor sgt,No Online Gambling Promotion
Yx4w92z_KDM,ICE CREAM KOPI,Wah kayaknya enak,No Online Gambling Promotion
Yx4w92z_KDM,ICE CREAM KOPI,Hal bikin ngakak manis meleot coyy ya Allahhh,No Online Gambling Promotion
Yx4w92z_KDM,ICE CREAM KOPI,Diabetes klo pagi ngopi v,No Online Gambling Promotion
Yx4w92z_KDM,ICE CREAM KOPI,Kegedean gelas nya air nya kebanyakan,No Online Gambling Promotion
Yx4w92z_KDM,ICE CREAM KOPI,Air panasnya kebanyakan manis,No Online Gambling Promotion
Yx4w92z_KDM,ICE CREAM KOPI,Anita puasa,No Online Gambling Promotion
Yx4w92z_KDM,ICE CREAM KOPI,Du meinst Eis Kaffee,No Online Gambling Promotion
Yx4w92z_KDM,ICE CREAM KOPI,boikot Nescafe,ERROR
Yx4w92z_KDM,ICE CREAM KOPI,g bismillah,No Online Gambling Promotion
Yx4w92z_KDM,ICE CREAM KOPI,Siapa nonton pas puasa,No Online Gambling Promotion
Yx4w92z_KDM,ICE CREAM KOPI,Eh gaboleh pake isi yg meleyot air panas ya Kan zat kimia nya,"kan zat kimia nyanya , No Online Gambling Promotion"
Yx4w92z_KDM,ICE CREAM KOPI,kalo muslim,No Online Gambling Promotion
Yx4w92z_KDM,ICE CREAM KOPI,agama islam or kristen,No Online Gambling Promotion
Yx4w92z_KDM,ICE CREAM KOPI,Heboh bener platform rame MANDALIKA77,No Online Gambling Promotion
Yx4w92z_KDM,ICE CREAM KOPI,Sumpah deh MANDALIKA77 bikin gampang,No Online Gambling Promotion
Yx4w92z_KDM,ICE CREAM KOPI,Pengalaman menyenangkan thanks MANDALIKA77,No Online Gambling Promotion
Yx4w92z_KDM,ICE CREAM KOPI,Gue suka kecepatan prosesnya MANDALIKA77 emang juara,No Online Gambling Promotion
Yx4w92z_KDM,ICE CREAM KOPI,Bahas MANDALIKA77 ga habisnya saking bagusnya,No Online Gambling Promotion
Yx4w92z_KDM,ICE CREAM KOPI,Wajar kalo mempercayakan MANDALIKA77,No Online Gambling Promotion
Yx4w92z_KDM,ICE CREAM KOPI,Kolom komentar penuh dukungan MANDALIKA77 emang trusted,No Online Gambling Promotion
Yx4w92z_KDM,ICE CREAM KOPI,Proses verifikasi mudah jempol MANDALIKA77,No Online Gambling Promotion
Yx4w92z_KDM,ICE CREAM KOPI,Cepat andal MANDALIKA77,No Online Gambling Promotion
Yx4w92z_KDM,ICE CREAM KOPI,Bukan nama MANDALIKA77 membuktikan kualitasnya,No Online Gambling Promotion
Yx4w92z_KDM,ICE CREAM KOPI,Bingung kenal MANDALIKA77,No Online Gambling Promotion
Yx4w92z_KDM,ICE CREAM KOPI,Sukses MANDALIKA77 semoga fitur keren,No Online Gambling Promotion
Yx4w92z_KDM,ICE CREAM KOPI,Wajarlah MANDALIKA77 dikagumi orang,No Online Gambling Promotion
Yx4w92z_KDM,ICE CREAM KOPI,Ga sabar nunggu update terbaru MANDALIKA77,No Online Gambling Promotion
Yx4w92z_KDM,ICE CREAM KOPI,Pas lihat namanya langsung penasaran MANDALIKA77,No Online Gambling Promotion
Yx4w92z_KDM,ICE CREAM KOPI,Hampir video gue tonton aja MANDALIKA77,No Online Gambling Promotion
Yx4w92z_KDM,ICE CREAM KOPI,Makin abis baca review MANDALIKA77,No Online Gambling Promotion
Yx4w92z_KDM,ICE CREAM KOPI,Positif banget vibe nya MANDALIKA77 patut diacungi jempol,No Online Gambling Promotion
Yx4w92z_KDM,ICE CREAM KOPI,Idenya jenius MANDALIKA77 beda,No Online Gambling Promotion
Yx4w92z_KDM,ICE CREAM KOPI,Aman Sudah MANDALIKA77 terpercaya,No Online Gambling Promotion
Yx4w92z_KDM,ICE CREAM KOPI,Pengalaman pengguna bagus MANDALIKA77 panen pujian,No Online Gambling Promotion
Yx4w92z_KDM,ICE CREAM KOPI,Cara kerjanya simpel hasilnya mantap MANDALIKA77,Online Gambling Promotion
Yx4w92z_KDM,ICE CREAM KOPI,Nggak mikir kali langsung gas MANDALIKA77,No Online Gambling Promotion
Yx4w92z_KDM,ICE CREAM KOPI,Interfacenya user friendly MANDALIKA77 bikin nyaman,No Online Gambling Promotion
Yx4w92z_KDM,ICE CREAM KOPI,Kayaknya MANDALIKA77 trending nih,No Online Gambling Promotion
-HZ-6SPCVm4,menu paling mahal dan paling murah di burger blenger #komedi #burger #restoran #shorts,Rasa ga seenak Mungkin krn skr yg lbh premium Pertama cobain thn 2007 an wkt msh lamandau antri smp jalanan,"walaupun masih lamandau antri di samping jalanan, Online Gambling Promotion"
-HZ-6SPCVm4,menu paling mahal dan paling murah di burger blenger #komedi #burger #restoran #shorts,Inget hotdouh nya big bite sevel,No Online Gambling Promotion
-HZ-6SPCVm4,menu paling mahal dan paling murah di burger blenger #komedi #burger #restoran #shorts,DORA77 gachor jepey gampang,No Online Gambling Promotion
-HZ-6SPCVm4,menu paling mahal dan paling murah di burger blenger #komedi #burger #restoran #shorts,DORA77 gachor abis ga boong,Online Gambling Promotion
-HZ-6SPCVm4,menu paling mahal dan paling murah di burger blenger #komedi #burger #restoran #shorts,mcd keras,No Online Gambling Promotion
-HZ-6SPCVm4,menu paling mahal dan paling murah di burger blenger #komedi #burger #restoran #shorts,Prasaan gw pas beli onlen kgak segitu besarnya njir,"tidak ada yang seperti ini besar seperti ini, No Online Gambling Promotion"
-HZ-6SPCVm4,menu paling mahal dan paling murah di burger blenger #komedi #burger #restoran #shorts,bang puasa bang,No Online Gambling Promotion
-HZ-6SPCVm4,menu paling mahal dan paling murah di burger blenger #komedi #burger #restoran #shorts,Burger orang miskin,No Online Gambling Promotion
-HZ-6SPCVm4,menu paling mahal dan paling murah di burger blenger #komedi #burger #restoran #shorts,G sehat,ERROR
-HZ-6SPCVm4,menu paling mahal dan paling murah di burger blenger #komedi #burger #restoran #shorts,Cari bang mono burger,No Online Gambling Promotion
-HZ-6SPCVm4,menu paling mahal dan paling murah di burger blenger #komedi #burger #restoran #shorts,Laparr,No Online Gambling Promotion
-HZ-6SPCVm4,menu paling mahal dan paling murah di burger blenger #komedi #burger #restoran #shorts,Puasa,No Online Gambling Promotion
-HZ-6SPCVm4,menu paling mahal dan paling murah di burger blenger #komedi #burger #restoran #shorts,Godaan pas gw puasa,No Online Gambling Promotion
-HZ-6SPCVm4,menu paling mahal dan paling murah di burger blenger #komedi #burger #restoran #shorts,Next burger bangor bg,No Online Gambling Promotion
-HZ-6SPCVm4,menu paling mahal dan paling murah di burger blenger #komedi #burger #restoran #shorts,Emang bener namanya saking gedenya sampe blenger,No Online Gambling Promotion
-HZ-6SPCVm4,menu paling mahal dan paling murah di burger blenger #komedi #burger #restoran #shorts,Udah 25 burger Jaman gw kuliah dah ngantri lamandau kebayoran Dulu enak pattynya smoothies ga,"saya kuliah dah ngantri lamandau kebayoran Dulu. Enak pattynya smoothies, No Online Gambling Promotion"
-HZ-6SPCVm4,menu paling mahal dan paling murah di burger blenger #komedi #burger #restoran #shorts,daerah nih kak,No Online Gambling Promotion
-HZ-6SPCVm4,menu paling mahal dan paling murah di burger blenger #komedi #burger #restoran #shorts,Knp burger blenger bogor ilaaaang,No Online Gambling Promotion
-HZ-6SPCVm4,menu paling mahal dan paling murah di burger blenger #komedi #burger #restoran #shorts,Blenger kalo bahasa jawa serang banten Eneg Mual,No Online Gambling Promotion
-HZ-6SPCVm4,menu paling mahal dan paling murah di burger blenger #komedi #burger #restoran #shorts,Coba review dons burger bang,No Online Gambling Promotion
-HZ-6SPCVm4,menu paling mahal dan paling murah di burger blenger #komedi #burger #restoran #shorts,Hotdog daging ajig bkn,No Online Gambling Promotion
-HZ-6SPCVm4,menu paling mahal dan paling murah di burger blenger #komedi #burger #restoran #shorts,Pas puasa woi,No Online Gambling Promotion
-HZ-6SPCVm4,menu paling mahal dan paling murah di burger blenger #komedi #burger #restoran #shorts,Belum cobain burger sikeling ya bang hahhaa,No Online Gambling Promotion
-HZ-6SPCVm4,menu paling mahal dan paling murah di burger blenger #komedi #burger #restoran #shorts,Di Jogja or solo ngga sii,No Online Gambling Promotion
-HZ-6SPCVm4,menu paling mahal dan paling murah di burger blenger #komedi #burger #restoran #shorts,Muka lu sombong banget bang,No Online Gambling Promotion
-HZ-6SPCVm4,menu paling mahal dan paling murah di burger blenger #komedi #burger #restoran #shorts,Kraby patty deluxe,No Online Gambling Promotion
-HZ-6SPCVm4,menu paling mahal dan paling murah di burger blenger #komedi #burger #restoran #shorts,Plis pesankan le,No Online Gambling Promotion
-HZ-6SPCVm4,menu paling mahal dan paling murah di burger blenger #komedi #burger #restoran #shorts,nyoba ayam blenger bang,No Online Gambling Promotion
-HZ-6SPCVm4,menu paling mahal dan paling murah di burger blenger #komedi #burger #restoran #shorts,pake standar mcd mcd kaya sampah banding yg bikin pinggir jalan home made d mcd najis haram makan org islam status nya HARAM mutlak hukum dasar nya halal,No Online Gambling Prom
-HZ-6SPCVm4,menu paling mahal dan paling murah di burger blenger #komedi #burger #restoran #shorts,buka cabang jogja plsss,No Online Gambling Promotion
-HZ-6SPCVm4,menu paling mahal dan paling murah di burger blenger #komedi #burger #restoran #shorts,MURAH BGT PLS,No Online Gambling Promotion
-HZ-6SPCVm4,menu paling mahal dan paling murah di burger blenger #komedi #burger #restoran #shorts,Sangat keren Meraih kemenangan ambil4d langsung berlibur negeri,No Online Gambling Promotion
-HZ-6SPCVm4,menu paling mahal dan paling murah di burger blenger #komedi #burger #restoran #shorts,ambil4d mdal udah gaciirr abis,No Online Gambling Promotion
-HZ-6SPCVm4,menu paling mahal dan paling murah di burger blenger #komedi #burger #restoran #shorts,Sukses ambil4d,No Online Gambling Promotion
-HZ-6SPCVm4,menu paling mahal dan paling murah di burger blenger #komedi #burger #restoran #shorts,Masih yng terbaik situs ambil4d gak depo wd nya,No Online Gambling Promotion
-HZ-6SPCVm4,menu paling mahal dan paling murah di burger blenger #komedi #burger #restoran #shorts,Rezeki gak putusnya makasi ambil4d,No Online Gambling Promotion
-HZ-6SPCVm4,menu paling mahal dan paling murah di burger blenger #komedi #burger #restoran #shorts,Misi pamer2 habis meledak ambil4d asyik gak hahaha,No Online Gambling Promotion
-HZ-6SPCVm4,menu paling mahal dan paling murah di burger blenger #komedi #burger #restoran #shorts,dikit2 buyspin semenjak main ambil4d gk buy spin banget dapet scatter,Online Gambling Promotion
-HZ-6SPCVm4,menu paling mahal dan paling murah di burger blenger #komedi #burger #restoran #shorts,Buat suka lotre online wajib dicoba Seru banget hadiahnya oke Ayo coba deh,"Seru banget hadiahnya oke. Ayo coba deh, Online Gambling Promotion"
-HZ-6SPCVm4,menu paling mahal dan paling murah di burger blenger #komedi #burger #restoran #shorts,seger kalee bangun tidur langsung nyelot ambil4d dkasi jp broo gilee ahh,"Label: seger kali bangun tidur langsung nyelot ambil4d kasino jp broo, Online Gambling Promotion"
-HZ-6SPCVm4,menu paling mahal dan paling murah di burger blenger #komedi #burger #restoran #shorts,main ambil4d salah keberuntungan banget main dikasih menang,Online Gambling Promotion
-HZ-6SPCVm4,menu paling mahal dan paling murah di burger blenger #komedi #burger #restoran #shorts,Udah coba SGI88 mantep Ga nyangka menang ketagihan,"ga nyangka menang ketagihan, No Online Gambling Promotion"
-HZ-6SPCVm4,menu paling mahal dan paling murah di burger blenger #komedi #burger #restoran #shorts,Ibuk bos Istri Tercinta pantes salah chat sama2 Bos btw gw saranin tipu mending jujur kayak ambil4d,"btw saya sarankan tipu menjujur kaya ambil4d, Online Gambling Promotion"
-HZ-6SPCVm4,menu paling mahal dan paling murah di burger blenger #komedi #burger #restoran #shorts,Masih yng terbaik situs ambil4d gak depo wd nya,No Online Gambling Promotion
-HZ-6SPCVm4,menu paling mahal dan paling murah di burger blenger #komedi #burger #restoran #shorts,ambil4d hoki nggak duanya,No Online Gambling Promotion
-HZ-6SPCVm4,menu paling mahal dan paling murah di burger blenger #komedi #burger #restoran #shorts,Cape ditipu cape menang main ambil4d,No Online Gambling Promotion
-HZ-6SPCVm4,menu paling mahal dan paling murah di burger blenger #komedi #burger #restoran #shorts,dikasih keuntungan ambil4d wd aman,No Online Gambling Promotion
-HZ-6SPCVm4,menu paling mahal dan paling murah di burger blenger #komedi #burger #restoran #shorts,Sukses ambil4d,No Online Gambling Promotion
-HZ-6SPCVm4,menu paling mahal dan paling murah di burger blenger #komedi #burger #restoran #shorts,ambil4d hoki nggak duanya,No Online Gambling Promotion
-HZ-6SPCVm4,menu paling mahal dan paling murah di burger blenger #komedi #burger #restoran #shorts,kalo kegedean gitu susah ya makannya step patahin rahangnya bang makan,No Online Gambling Promotion
-HZ-6SPCVm4,menu paling mahal dan paling murah di burger blenger #komedi #burger #restoran #shorts,Cobain aja gk percaya gw mah uda coba main situs ambil4d wkwkwk emang situs mantap parah,"kami tidak percaya kami mampu udah coba main situs ambil4d wkwkwk, emang situs mantap parah, Online Gambling Promotion"
-HZ-6SPCVm4,menu paling mahal dan paling murah di burger blenger #komedi #burger #restoran #shorts,burger blenget deket pasar modern ya bang,No Online Gambling Promotion
-HZ-6SPCVm4,menu paling mahal dan paling murah di burger blenger #komedi #burger #restoran #shorts,Dey puasa,No Online Gambling Promotion
-HZ-6SPCVm4,menu paling mahal dan paling murah di burger blenger #komedi #burger #restoran #shorts,Bro noob langsung reviewer Ga pengalaman sok kritis,"Ga pengalaman sok kritis, No Online Gambling Promotion"
-HZ-6SPCVm4,menu paling mahal dan paling murah di burger blenger #komedi #burger #restoran #shorts,Sekarang diman sih ya,No Online Gambling Promotion
-HZ-6SPCVm4,menu paling mahal dan paling murah di burger blenger #komedi #burger #restoran #shorts,Burger legendaris 20 taun masi jg antri ampe skrg,No Online Gambling Promotion
-HZ-6SPCVm4,menu paling mahal dan paling murah di burger blenger #komedi #burger #restoran #shorts,Kok tonton pas puasa ya,No Online Gambling Promotion
-HZ-6SPCVm4,menu paling mahal dan paling murah di burger blenger #komedi #burger #restoran #shorts,Mantap burgernya sayang ga cabangnya daerah gw,"ga cabangnya daerah gw, No Online Gambling Promotion"
-HZ-6SPCVm4,menu paling mahal dan paling murah di burger blenger #komedi #burger #restoran #shorts,normal burger in us,ERROR
-HZ-6SPCVm4,menu paling mahal dan paling murah di burger blenger #komedi #burger #restoran #shorts,Alamak lihat pas puasa,No Online Gambling Promotion
-HZ-6SPCVm4,menu paling mahal dan paling murah di burger blenger #komedi #burger #restoran #shorts,Video puasa,ERROR
-HZ-6SPCVm4,menu paling mahal dan paling murah di burger blenger #komedi #burger #restoran #shorts,Kok ga sesuai bang bro menu buger blenger daerah Kemayoran niat beli cuman ga semurah vidio,"niat beli cuman ga semurah video, No Online Gambling Promotion"
-HZ-6SPCVm4,menu paling mahal dan paling murah di burger blenger #komedi #burger #restoran #shorts,GADA OBATT BURGER BLENGER MAKNYUS,No Online Gambling Promotion
-HZ-6SPCVm4,menu paling mahal dan paling murah di burger blenger #komedi #burger #restoran #shorts,bangor enk tuh murah,No Online Gambling Promotion
-HZ-6SPCVm4,menu paling mahal dan paling murah di burger blenger #komedi #burger #restoran #shorts,Sayang dijakarta 12 disana emang sdh langganan,No Online Gambling Promotion
-HZ-6SPCVm4,menu paling mahal dan paling murah di burger blenger #komedi #burger #restoran #shorts,Gede banget nyangkut behel ka,No Online Gambling Promotion
-HZ-6SPCVm4,menu paling mahal dan paling murah di burger blenger #komedi #burger #restoran #shorts,Memang seenak rotinya enak,No Online Gambling Promotion
-HZ-6SPCVm4,menu paling mahal dan paling murah di burger blenger #komedi #burger #restoran #shorts,Selalu rame nih,No Online Gambling Promotion
-HZ-6SPCVm4,menu paling mahal dan paling murah di burger blenger #komedi #burger #restoran #shorts,Kadal yg Spaling tau gaji guru,No Online Gambling Promotion
-HZ-6SPCVm4,menu paling mahal dan paling murah di burger blenger #komedi #burger #restoran #shorts,Bang beli bang kyjgug,No Online Gambling Promotion
-HZ-6SPCVm4,menu paling mahal dan paling murah di burger blenger #komedi #burger #restoran #shorts,Coba Burgertard bg,No Online Gambling Promotion
-HZ-6SPCVm4,menu paling mahal dan paling murah di burger blenger #komedi #burger #restoran #shorts,Cuma ni burger bikin gw pas nangis karna dipaksa abisin sm nyokap wkwkwk,No Online Gambling Promotion
-HZ-6SPCVm4,menu paling mahal dan paling murah di burger blenger #komedi #burger #restoran #shorts,Weledalah gede banget,No Online Gambling Promotion
-HZ-6SPCVm4,menu paling mahal dan paling murah di burger blenger #komedi #burger #restoran #shorts,gilaa bener bener blenger mah wkwk,No Online Gambling Promotion
-HZ-6SPCVm4,menu paling mahal dan paling murah di burger blenger #komedi #burger #restoran #shorts,Di outlet graha raya ya bang,"Ya Bang, No Online Gambling Promotion"
-HZ-6SPCVm4,menu paling mahal dan paling murah di burger blenger #komedi #burger #restoran #shorts,Bang coba burger RAX bg enk bgt,"cobak burger RAX begenangan, No Online Gambling Promotion"
-HZ-6SPCVm4,menu paling mahal dan paling murah di burger blenger #komedi #burger #restoran #shorts,Suka banget jaman sekolah,No Online Gambling Promotion
-HZ-6SPCVm4,menu paling mahal dan paling murah di burger blenger #komedi #burger #restoran #shorts,Sesuai namanya sampe blenger,No Online Gambling Promotion
-HZ-6SPCVm4,menu paling mahal dan paling murah di burger blenger #komedi #burger #restoran #shorts,Di graha kah,No Online Gambling Promotion
-HZ-6SPCVm4,menu paling mahal dan paling murah di burger blenger #komedi #burger #restoran #shorts,Real blenger,No Online Gambling Promotion
-HZ-6SPCVm4,menu paling mahal dan paling murah di burger blenger #komedi #burger #restoran #shorts,boti,No Online Gambling Promotion
-HZ-6SPCVm4,menu paling mahal dan paling murah di burger blenger #komedi #burger #restoran #shorts,Kentang mekdi enak dr mn sih anyep,No Online Gambling Promotion
-HZ-6SPCVm4,menu paling mahal dan paling murah di burger blenger #komedi #burger #restoran #shorts,ownernya ga kepikiran bikin cabang bekasi yak,No Online Gambling Promotion
-HZ-6SPCVm4,menu paling mahal dan paling murah di burger blenger #komedi #burger #restoran #shorts,burger blenger vs burger bangor,No Online Gambling Promotion
-HZ-6SPCVm4,menu paling mahal dan paling murah di burger blenger #komedi #burger #restoran #shorts,Halllooo,No Online Gambling Promotion
-HZ-6SPCVm4,menu paling mahal dan paling murah di burger blenger #komedi #burger #restoran #shorts,P,ERROR
-HZ-6SPCVm4,menu paling mahal dan paling murah di burger blenger #komedi #burger #restoran #shorts,30rb Sama kek cheese whopper supreme nya BK,No Online Gambling Promotion
-HZ-6SPCVm4,menu paling mahal dan paling murah di burger blenger #komedi #burger #restoran #shorts,Lgi puasa mlh fyp,No Online Gambling Promotion
-HZ-6SPCVm4,menu paling mahal dan paling murah di burger blenger #komedi #burger #restoran #shorts,didearah ciledug namanya peko burger enak banget worth it,No Online Gambling Promotion
-HZ-6SPCVm4,menu paling mahal dan paling murah di burger blenger #komedi #burger #restoran #shorts,Gede kayak korupsi pertamina,No Online Gambling Promotion
-HZ-6SPCVm4,menu paling mahal dan paling murah di burger blenger #komedi #burger #restoran #shorts,Buset tuh burgerngemri amatmurah,No Online Gambling Promotion
-HZ-6SPCVm4,menu paling mahal dan paling murah di burger blenger #komedi #burger #restoran #shorts,Ini burger bertahan udah 20 thn jaman 10rb gw makan emang enak sih,"harga 10 rupiah, saya makan emang enak, No Online Gambling Promotion"
-HZ-6SPCVm4,menu paling mahal dan paling murah di burger blenger #komedi #burger #restoran #shorts,Lu bawa roti burger lg 2 burger bang,No Online Gambling Promotion
-HZ-6SPCVm4,menu paling mahal dan paling murah di burger blenger #komedi #burger #restoran #shorts,Hayo puasa ngiler kah,No Online Gambling Promotion
-HZ-6SPCVm4,menu paling mahal dan paling murah di burger blenger #komedi #burger #restoran #shorts,Dan puasa haaaaaah,No Online Gambling Promotion
-HZ-6SPCVm4,menu paling mahal dan paling murah di burger blenger #komedi #burger #restoran #shorts,Wkwkwk langganan bini gua bg,No Online Gambling Promotion
-HZ-6SPCVm4,menu paling mahal dan paling murah di burger blenger #komedi #burger #restoran #shorts,Main animal kaiser bang,No Online Gambling Promotion
-HZ-6SPCVm4,menu paling mahal dan paling murah di burger blenger #komedi #burger #restoran #shorts,Pakai nasi bg enak tu,No Online Gambling Promotion
-HZ-6SPCVm4,menu paling mahal dan paling murah di burger blenger #komedi #burger #restoran #shorts,Graha raya ya Menurut gw enak sih cuman hotdog nya enakan burger bangor,"Menurut gw enak sih hanya hotdog nya enakan burger bangor, No Online Gambling Promotion"
-HZ-6SPCVm4,menu paling mahal dan paling murah di burger blenger #komedi #burger #restoran #shorts,Burger Bangor,No Online Gambling Promotion
-HZ-6SPCVm4,menu paling mahal dan paling murah di burger blenger #komedi #burger #restoran #shorts,Big mac lokal,No Online Gambling Promotion
-HZ-6SPCVm4,menu paling mahal dan paling murah di burger blenger #komedi #burger #restoran #shorts,Godaan puasa cuyy,No Online Gambling Promotion
-HZ-6SPCVm4,menu paling mahal dan paling murah di burger blenger #komedi #burger #restoran #shorts,kacauu kemurahan sih segitu kalimantan kena 50rb keatas,No Online Gambling Promotion
-HZ-6SPCVm4,menu paling mahal dan paling murah di burger blenger #komedi #burger #restoran #shorts,Njir coba gua,No Online Gambling Promotion
-HZ-6SPCVm4,menu paling mahal dan paling murah di burger blenger #komedi #burger #restoran #shorts,Jirr pas puasa jumpa vidio gini,No Online Gambling Promotion
-HZ-6SPCVm4,menu paling mahal dan paling murah di burger blenger #komedi #burger #restoran #shorts,Lawless burgerbar menangis,No Online Gambling Promotion
-HZ-6SPCVm4,menu paling mahal dan paling murah di burger blenger #komedi #burger #restoran #shorts,Pesanakan le,ERROR
-HZ-6SPCVm4,menu paling mahal dan paling murah di burger blenger #komedi #burger #restoran #shorts,Kalau jakarta kayaknya wajib mampir sih,No Online Gambling Promotion
-HZ-6SPCVm4,menu paling mahal dan paling murah di burger blenger #komedi #burger #restoran #shorts,Cuma jakarta ygy,No Online Gambling Promotion
-HZ-6SPCVm4,menu paling mahal dan paling murah di burger blenger #komedi #burger #restoran #shorts,Bro segede 30 ribu Murah bgtt,No Online Gambling Promotion
-HZ-6SPCVm4,menu paling mahal dan paling murah di burger blenger #komedi #burger #restoran #shorts,tiru content org,No Online Gambling Promotion
-HZ-6SPCVm4,menu paling mahal dan paling murah di burger blenger #komedi #burger #restoran #shorts,Yang Gampang MAXWIN udah MPO365 BOSKUU GASKEN FREEBET 200K,Online Gambling Promotion
-HZ-6SPCVm4,menu paling mahal dan paling murah di burger blenger #komedi #burger #restoran #shorts,M4in SOR76 J4ckP0tnya mantep,No Online Gambling Promotion
-HZ-6SPCVm4,menu paling mahal dan paling murah di burger blenger #komedi #burger #restoran #shorts,M4in SOR76 H0K1 henti,No Online Gambling Promotion
-HZ-6SPCVm4,menu paling mahal dan paling murah di burger blenger #komedi #burger #restoran #shorts,M4in SOR76 H0K1,No Online Gambling Promotion
-HZ-6SPCVm4,menu paling mahal dan paling murah di burger blenger #komedi #burger #restoran #shorts,Bergabung buktikan SOR76,No Online Gambling Promotion
-HZ-6SPCVm4,menu paling mahal dan paling murah di burger blenger #komedi #burger #restoran #shorts,M4in SOR76 kemenangan,No Online Gambling Promotion
-HZ-6SPCVm4,menu paling mahal dan paling murah di burger blenger #komedi #burger #restoran #shorts,Di SOR76 H0K1,No Online Gambling Promotion
-HZ-6SPCVm4,menu paling mahal dan paling murah di burger blenger #komedi #burger #restoran #shorts,M4in SOR76 J4ckP0tna G3d3 pisan,No Online Gambling Promotion
-HZ-6SPCVm4,menu paling mahal dan paling murah di burger blenger #komedi #burger #restoran #shorts,M4in SOR76 J4ckP0t bingung nunggu J4ckP0t,No Online Gambling Promotion
-HZ-6SPCVm4,menu paling mahal dan paling murah di burger blenger #komedi #burger #restoran #shorts,Gacor pisan langsung H0K1 SOR76,Online Gambling Promotion
-HZ-6SPCVm4,menu paling mahal dan paling murah di burger blenger #komedi #burger #restoran #shorts,M4in SOR76 J4ckP0t langsung salah pencet tombol kasian,Online Gambling Promotion
